game_id,strategy,players,seed,paper_score,raw_score,perfect_game,lives_remaining,category,needed_last_copy_lost,playable_cards_left,moves,hints,plays,discards,failed_plays,zero_hint_moves,last_resort_plays,deck_sha256
dynamic-3p-42,Dynamic,3,42,25,25,1,3,perfect,0,0,55,21,25,9,0,15,0,fedac63db945c37afbbd4cacb47e82bd4a0f404cc9ec1e02c663cafcd7bd4c69
dynamic-3p-43,Dynamic,3,43,25,25,1,3,perfect,0,0,52,18,25,9,0,8,0,bb0cfdc58bd91db9332854925d503eaca56f7d689bfddb2c8aec82b2e8b93394
dynamic-3p-44,Dynamic,3,44,24,24,0,3,tempo,0,1,61,24,24,13,0,1,0,c3dc5cfa6132ab8f55a157942cc32deb8212ea927af4ca5439f4be42187ad026
dynamic-3p-45,Dynamic,3,45,25,25,1,3,perfect,0,0,54,20,25,9,0,7,0,b4d11519d9ac6a6fc5e8681b8da7a57d2bcdec2c2ad7c80d7529b972abdf663c
dynamic-3p-46,Dynamic,3,46,25,25,1,2,perfect,0,0,57,21,26,10,1,4,0,c3b529f2e39e93c354828b56a836a26dc407db0c227c80f618f29ccb9d365a4b
dynamic-3p-47,Dynamic,3,47,25,25,1,1,perfect,0,0,58,21,27,10,2,9,0,802501c4243223972cf25502c3e074a5b5c762a6967a2ac7fb397e2edebea2f6
dynamic-3p-48,Dynamic,3,48,25,25,1,3,perfect,0,0,52,18,25,9,0,12,0,c1449b564576865f68d13821bfff61e589ab5e0c605ab55d4c7d3adf750c257f
dynamic-3p-49,Dynamic,3,49,24,24,0,2,tempo,0,1,60,23,25,12,1,8,0,96693f3bfcc3c8ed8d8740fc7f14d6b81d224daad236e8a6a22996fd7e7059e3
dynamic-3p-50,Dynamic,3,50,25,25,1,2,perfect,0,0,49,17,26,6,1,0,0,1aebb4d217774d89d174325d50e9b0c37c9c4bd64e8562a47583cab82a4d4cb9
dynamic-3p-51,Dynamic,3,51,25,25,1,3,perfect,0,0,57,22,25,10,0,1,0,c84e36b323f8de85a3aa773078c13260e395a8ae73035ede37b6060652c88a86
dynamic-3p-52,Dynamic,3,52,25,25,1,2,perfect,0,0,54,19,26,9,1,10,0,97d9b4427a073d692362ca7120d7a38223857cc98568f384fbbf6ddd47a835bb
dynamic-3p-53,Dynamic,3,53,25,25,1,3,perfect,0,0,57,21,25,11,0,5,0,f606376a322bba1a6894557e550a9f426f818ee596621bc1d955c1e561d071b8
dynamic-3p-54,Dynamic,3,54,24,24,0,2,tempo,0,1,57,21,25,11,1,0,0,9ca3fcc6eebcc53c9ca32e69493cb4d613f5e3544f572f80e6a98065041a8fd9
dynamic-3p-55,Dynamic,3,55,25,25,1,3,perfect,0,0,55,20,25,10,0,4,0,e03060997851f25d7e9aba760d42b6c7777c5f1d3d044fdef73f223ae6eaa182
dynamic-3p-56,Dynamic,3,56,25,25,1,3,perfect,0,0,57,21,25,11,0,0,0,b6407b9b73a48db1d9ab996800e88e2e17fbe90d364d014bd7cf06efd351aad5
dynamic-3p-57,Dynamic,3,57,25,25,1,2,perfect,0,0,57,21,26,10,1,0,0,071422ef582663bd55d3c39226ef45adbb4300e472e2f95c0875a451acf9511f
dynamic-3p-58,Dynamic,3,58,24,24,0,2,needed_last_copy_lost,1,0,54,19,25,10,1,7,0,c6ecb8bb61f0f8128bc721a4550d4b11702458b1c6d9e99dfc5be1c40ac454ab
dynamic-3p-59,Dynamic,3,59,25,25,1,3,perfect,0,0,52,18,25,9,0,14,0,4f620eec21d771229f077dfba8674db8b19fab3474c8aa1a5d6fbaa5da5cb0b1
dynamic-3p-60,Dynamic,3,60,25,25,1,2,perfect,0,0,56,20,26,10,1,11,0,8dec70b50a4c44b773ab4a33f06671a407036c1e4fa130b49d367a0845320d1d
dynamic-3p-61,Dynamic,3,61,25,25,1,2,perfect,0,0,52,18,26,8,1,1,0,97ff11d12c8bef2668af14111c14d34711390e0ee78635840d509ec4ad0549b3
dynamic-3p-62,Dynamic,3,62,25,25,1,3,perfect,0,0,52,19,25,8,0,2,0,35d633b472752adc3e04de17798d01bd4eace6c07893d345a9dc51cb1b338368
dynamic-3p-63,Dynamic,3,63,25,25,1,3,perfect,0,0,56,21,25,10,0,9,0,d9d2e1bba10253bb6a9a308998938ee29b5d8ad93ab8297a77ecb7195810385c
dynamic-3p-64,Dynamic,3,64,24,24,0,3,needed_last_copy_lost,1,0,52,18,24,10,0,9,0,84513d846a1ef7cd87a5c4690a341ee6acd9156ac87d8df082c4f09563f30756
dynamic-3p-65,Dynamic,3,65,25,25,1,3,perfect,0,0,48,17,25,6,0,11,0,9cc4299ec55011446e7c98f6b99e15c3eb87834c073343d40e359a40c3dba3e8
dynamic-3p-66,Dynamic,3,66,25,25,1,3,perfect,0,0,56,21,25,10,0,7,0,1c3b0fbc2242e9f97993843ee5ff00721eaeccd4db2fc44995e5df87b88e393b
dynamic-3p-67,Dynamic,3,67,25,25,1,3,perfect,0,0,51,17,25,9,0,10,0,0f5d49ed47b0b51a6cc718aabffd80d7e8d01b0bc90ac9b9a27a292868373ac6
dynamic-3p-68,Dynamic,3,68,25,25,1,3,perfect,0,0,56,21,25,10,0,1,0,74dcc2b2ffa69a1fe7e3ff41a24366bec9edb775544fca67edda6b8a1256fef8
dynamic-3p-69,Dynamic,3,69,25,25,1,3,perfect,0,0,47,17,25,5,0,6,0,1ef92a6b8f11da5d01249e4246185f4ec6dd751edebdec62aeda43fa29e6e408
dynamic-3p-70,Dynamic,3,70,25,25,1,3,perfect,0,0,54,20,25,9,0,2,0,ae123732c024250e5b7c44539e9c3cb9ece185b05c4be6b6be1b38bb4240d9e6
dynamic-3p-71,Dynamic,3,71,25,25,1,2,perfect,0,0,53,18,26,9,1,5,0,07eb4b5bf79117d2c05b39efcb26b83ca937a2ca084163310c9e600b3fcb2e79
dynamic-3p-72,Dynamic,3,72,24,24,0,2,tempo,0,1,58,22,25,11,1,0,0,db1cfef41dfbaa95a49bd996b3e05778d57bc5cc2ec613b006f5ce4e201703fb
dynamic-3p-73,Dynamic,3,73,25,25,1,3,perfect,0,0,55,19,25,11,0,3,0,61205d3b5a71c2cbc337b7d6d0796eb3ae7f9dba9498543a6c8e88020e804154
dynamic-3p-74,Dynamic,3,74,25,25,1,3,perfect,0,0,57,21,25,11,0,8,0,052f77b58cc9886067f8fd85f87248f487a412d6a0e3071756722fea55083e4d
dynamic-3p-75,Dynamic,3,75,24,24,0,3,tempo,0,1,61,24,24,13,0,2,0,0c4cc612b70e10dbaf489c4c2eceaf8fba5cc7d6c42768005960eeddd2fe6952
dynamic-3p-76,Dynamic,3,76,24,24,0,3,tempo,0,1,59,23,24,12,0,0,0,ef7cb135a55965b56f9977b21154751f99d1fd9489500555228c066158de2f9d
dynamic-3p-77,Dynamic,3,77,25,25,1,3,perfect,0,0,59,23,25,11,0,6,0,828a9c94c3882a4130ad0f0ff37d7b18aaa55c8e330442f3e211f16ef96e5164
dynamic-3p-78,Dynamic,3,78,25,25,1,3,perfect,0,0,54,19,25,10,0,4,0,4fe7108117e79813c1f64121a8b28d48ecb8090654354f9edc54d4337e0a7be3
dynamic-3p-79,Dynamic,3,79,21,21,0,1,needed_last_copy_lost,1,0,57,21,23,13,2,7,0,d74eee179996053ed9e7b173dcaf727fc67af3b3110a72630ea26767a6eb7957
dynamic-3p-80,Dynamic,3,80,24,24,0,3,needed_last_copy_lost,1,0,58,22,24,12,0,2,0,2d9d2132daa95a86f61aab09546a07c45292efbe5a736025409824088e8b4cb3
dynamic-3p-81,Dynamic,3,81,25,25,1,3,perfect,0,0,56,21,25,10,0,7,0,e3b1a8914953bcb5dc5a4d3ca116e4d634bad68c701da52f9a6c71a16cb014c9
dynamic-3p-82,Dynamic,3,82,20,20,0,1,tempo,0,4,61,24,22,15,2,5,0,fb7458682c0866f8b2e4d91888e5deb99d0515b02062d59caf16e35f628880f0
dynamic-3p-83,Dynamic,3,83,25,25,1,3,perfect,0,0,55,20,25,10,0,7,0,0c1b1be88d29a90661ef97c8cb84dcfba5ead1a52e629e1f9affeba9e91789e6
dynamic-3p-84,Dynamic,3,84,25,25,1,3,perfect,0,0,49,17,25,7,0,1,0,98d2501225371b7368f26e1f556c337a6edf2cf8321cb9f62e89bdcf2a6733d5
dynamic-3p-85,Dynamic,3,85,25,25,1,3,perfect,0,0,54,19,25,10,0,3,0,e236f3b885623b623a80c6565ac8fb17af6728eda4898e16afc669d40cbfacb2
dynamic-3p-86,Dynamic,3,86,25,25,1,3,perfect,0,0,57,21,25,11,0,9,0,66dc79d5a676c20dc03aa5d751a347d7b185e97a69ff8e728dc3a6d9828357c6
dynamic-3p-87,Dynamic,3,87,25,25,1,3,perfect,0,0,57,21,25,11,0,4,0,d0c806ad48679fc5b496c4d21c09aaccf419f435af4762ed89f9c3331ea6fb4c
dynamic-3p-88,Dynamic,3,88,25,25,1,3,perfect,0,0,48,17,25,6,0,11,0,d24fd470c0e14d6724aff5a6126f0a912b6f70a61cf358c1c6d7c69ee51a56d1
dynamic-3p-89,Dynamic,3,89,25,25,1,3,perfect,0,0,52,19,25,8,0,8,0,94e6a4cc67d996272fa6f628bae737c717ae2313ff4fa4491335920ec9162ef3
dynamic-3p-90,Dynamic,3,90,25,25,1,3,perfect,0,0,53,19,25,9,0,1,0,906418964d98b54da90f89f4fd0491997431561e213e0e59481d7f817f4ac3ea
dynamic-3p-91,Dynamic,3,91,25,25,1,3,perfect,0,0,52,18,25,9,0,0,0,37a5041ddb2e3e6b2bea3dc2830ea04fe2f2289f394133d06c37880669df2a64
dynamic-3p-92,Dynamic,3,92,25,25,1,3,perfect,0,0,59,23,25,11,0,7,0,bb66d7740ccb8374bc7bdb90e0891f14c6994b0879a387e908a932fc72ff3a9c
dynamic-3p-93,Dynamic,3,93,25,25,1,2,perfect,0,0,49,17,26,6,1,10,0,ac81bf6cc7500352e4bd7ae729361d0e16eafe47149c877e8bbf45d7387d330e
dynamic-3p-94,Dynamic,3,94,25,25,1,3,perfect,0,0,50,17,25,8,0,5,0,aafcacf76b2da2e1dca6146b14fcfaafc2ab29bb26a3085f2c88aa8dc1471380
dynamic-3p-95,Dynamic,3,95,24,24,0,2,needed_last_copy_lost,1,0,56,21,25,10,1,1,0,f0fbbda3e4f9711fc4667b3f763a2c38b94a0d4d7709a45cccc725511b6cf25a
dynamic-3p-96,Dynamic,3,96,25,25,1,3,perfect,0,0,59,23,25,11,0,13,0,9c3a0cf28c7dc2d04bbca42a7bdd20aa7f83ba3d921662bf519795b63c078ac8
dynamic-3p-97,Dynamic,3,97,25,25,1,2,perfect,0,0,55,20,26,9,1,4,0,3e8efe994913d0c1fe774495e22670469cef29baf0c7ee786b586f4fc6243eec
dynamic-3p-98,Dynamic,3,98,23,23,0,2,needed_last_copy_lost,1,0,57,21,24,12,1,2,0,ac921b415d5bc3b41431a7fa4285b0fbc62f57b6ad8b560acce50432b1e4553d
dynamic-3p-99,Dynamic,3,99,25,25,1,3,perfect,0,0,56,21,25,10,0,0,0,c2041dc979a77ca97221ec6a670ece2fa2d4aa837879ccd82204310304690076
dynamic-3p-100,Dynamic,3,100,25,25,1,3,perfect,0,0,58,22,25,11,0,10,0,07de12da556560cb277e2f40ee430fd53a3b3f0426883b7d161af51e292bbf30
dynamic-3p-101,Dynamic,3,101,25,25,1,3,perfect,0,0,56,21,25,10,0,0,0,53c0598207060fa0ccba1ac47a62594ccf57dae53d3ffa3e38a46b744e9fd077
dynamic-3p-102,Dynamic,3,102,25,25,1,3,perfect,0,0,57,21,25,11,0,2,0,32f85fa88b609ec9684f9be09e134c018db285f0c189a03f07127deaf30c4abf
dynamic-3p-103,Dynamic,3,103,25,25,1,3,perfect,0,0,59,22,25,12,0,0,0,bcfeaa10e49949fe838dc54d4d7da827dde18083df2c5332271fd8686ba9602e
dynamic-3p-104,Dynamic,3,104,25,25,1,2,perfect,0,0,52,18,26,8,1,11,0,039f7c3e86b0ecaa78ca80319b6730af2591b9366bb878fec7b004da47550308
dynamic-3p-105,Dynamic,3,105,25,25,1,3,perfect,0,0,53,18,25,10,0,15,0,c99dca0e8359b28621f51634052a139056a63dbd272c191806c2b839f1464dc8
dynamic-3p-106,Dynamic,3,106,25,25,1,2,perfect,0,0,55,20,26,9,1,8,0,c75ad90dc18271707ae8d31351f5c421e48ffe28bda0382be20e1cbb764f286b
dynamic-3p-107,Dynamic,3,107,25,25,1,3,perfect,0,0,55,20,25,10,0,6,0,2b6e9dc446ecee4b150d36ba89087f0ed7387da8dd422da261f2ac04ab285bbe
dynamic-3p-108,Dynamic,3,108,25,25,1,3,perfect,0,0,54,19,25,10,0,9,0,318f8e8d1c3a0e922ded146c493218518cfb2f572cbdb2f24c47fb24261722f4
dynamic-3p-109,Dynamic,3,109,25,25,1,3,perfect,0,0,53,18,25,10,0,2,0,157f558f9ff536c5846c8c74d2f590eae3b43a46a0e5c23b78b1b1298ef5c94b
dynamic-3p-110,Dynamic,3,110,25,25,1,3,perfect,0,0,52,18,25,9,0,16,0,982cd5bcb2429013963d24ed83b3d794aaf8ef1cc165b18c31ffdb12781dc941
dynamic-3p-111,Dynamic,3,111,25,25,1,3,perfect,0,0,57,22,25,10,0,1,0,32ae8cdaea0ee3c6930c20d6d2ed7ffb2dc34b0c28523ab3de5b5f772bb81d7e
dynamic-3p-112,Dynamic,3,112,23,23,0,1,needed_last_copy_lost,1,0,51,17,25,9,2,0,0,9837333d881dff8a3e067c7ab0d704de6d55f1e95049263df312f1d9062aa414
dynamic-3p-113,Dynamic,3,113,25,25,1,2,perfect,0,0,54,19,26,9,1,13,0,f71c6f807d3c267724bece7b2bc9de19d7cfa4d64599c9cee748141d6231c4e1
dynamic-3p-114,Dynamic,3,114,25,25,1,2,perfect,0,0,53,19,26,8,1,6,0,e275745cc3f7d4cfce128b77751da088cace9b7315ad31c562679bfacffbeab1
dynamic-3p-115,Dynamic,3,115,25,25,1,1,perfect,0,0,54,19,27,8,2,5,0,4a83233343361cd8856d5b9db764d017fd9245142789f9c588b6032f6d0cc749
dynamic-3p-116,Dynamic,3,116,25,25,1,3,perfect,0,0,50,17,25,8,0,11,0,6aba94d64fd22a012435f035aa5de9c98b78ba9946745909d0a8cc8f87d881a2
dynamic-3p-117,Dynamic,3,117,25,25,1,3,perfect,0,0,58,22,25,11,0,7,0,073502ce23a70d5afc854b065cff450c6da682f8e2a01f674f3e41185ce5b182
dynamic-3p-118,Dynamic,3,118,25,25,1,2,perfect,0,0,53,19,26,8,1,10,0,51ecb6ae3abed99eb535b0509aa59539bba4068d44db7644944b5e2cacf8c4c0
dynamic-3p-119,Dynamic,3,119,25,25,1,2,perfect,0,0,56,21,26,9,1,4,0,7ddb81872bbc6ed6d3704d3fcabf5bcf1f6a761bea5880e9d680b48473bc9411
dynamic-3p-120,Dynamic,3,120,24,24,0,2,tempo,0,1,57,21,25,11,1,0,0,8003ec521b34e4166dc95d6ac79215fd46cf94261b179476774f06c9045abfdf
dynamic-3p-121,Dynamic,3,121,25,25,1,2,perfect,0,0,56,21,26,9,1,6,0,f79f0a9a2e143ede97863c2c7056de00ea8506a21bd4233cc8c72d2bed90620b
dynamic-3p-122,Dynamic,3,122,25,25,1,2,perfect,0,0,56,20,26,10,1,0,0,3b9feb6233c1478e693a5fe6c6a8a9e4332f7c7fc57cca54d66136708c695c3c
dynamic-3p-123,Dynamic,3,123,25,25,1,2,perfect,0,0,57,21,26,10,1,6,0,5fc2d1918b263220f5163726cd39531604cc13f6f7733e69f81eb3f7a8931200
dynamic-3p-124,Dynamic,3,124,24,24,0,3,tempo,0,1,56,20,24,12,0,0,0,13e0b0fbbb8cee3926a1d6e340a8ed422f1a7a9b8ab3c48423ee8a3d47a0a040
dynamic-3p-125,Dynamic,3,125,25,25,1,3,perfect,0,0,53,19,25,9,0,18,0,de98a8d95ea23e83f05e85fab4237f3a1e2f52b2e7c0554cbe334caea4b914ba
dynamic-3p-126,Dynamic,3,126,25,25,1,3,perfect,0,0,53,18,25,10,0,3,0,83b17e0f74000659c8c2b6ce59104bf00746ffe14d1c9a9bcd2c4c2c9e9bb2f3
dynamic-3p-127,Dynamic,3,127,25,25,1,3,perfect,0,0,56,21,25,10,0,9,0,a59969e8c5fd6e14fd26c15ba03c4d68d7b23fd38512632d4ba0b8fe06498f12
dynamic-3p-128,Dynamic,3,128,25,25,1,3,perfect,0,0,55,20,25,10,0,1,0,0dbdb9ff06265dd8acf667423f73a120e2f6398e1e0924f187f7a0b57c3a73ae
dynamic-3p-129,Dynamic,3,129,24,24,0,2,tempo,0,1,57,21,25,11,1,10,0,9612f0eaccdf3d048165810918ba9552894925402ce9d729b9660e7b14d8e9a1
dynamic-3p-130,Dynamic,3,130,25,25,1,3,perfect,0,0,58,22,25,11,0,4,0,603dd690729bc6919e13e70ac6820c26230a1c308f881098ad7e05eff0a10e28
dynamic-3p-131,Dynamic,3,131,25,25,1,2,perfect,0,0,54,19,26,9,1,0,0,cf066cdd396ae156dcb73bf721d5417e6288b0482a19f33fac299dce6adcefa7
dynamic-3p-132,Dynamic,3,132,25,25,1,3,perfect,0,0,57,22,25,10,0,18,0,bd0c9ba80cd91a9209ca6249d637d8e75c1e23d619caa29d0e5eff01e4136e3d
dynamic-3p-133,Dynamic,3,133,24,24,0,2,tempo,0,1,60,23,25,12,1,4,0,f2ad165b0ba10c708d8f3c2fdcfcc915e39462a935cc445cc6e45ca43a485e4e
dynamic-3p-134,Dynamic,3,134,22,22,0,1,tempo,0,2,60,23,24,13,2,10,0,c7a71f7f723a0e39faf86e06d390c2d573c5216192ff785fa6aeba8c8dda364e
dynamic-3p-135,Dynamic,3,135,23,23,0,3,tempo,0,1,59,23,23,13,0,0,0,7fa136b39f5b240958c6b880891567196e5069a09e8a32557d6609efa9ea8936
dynamic-3p-136,Dynamic,3,136,25,25,1,3,perfect,0,0,51,19,25,7,0,9,0,5bff8aac0914522a37eeed25a23a0022dc8b57458f24e7cee950d0b0ae7a1a78
dynamic-3p-137,Dynamic,3,137,25,25,1,2,perfect,0,0,55,20,26,9,1,6,0,f0ef9825ddb3f81c4114eb038f2cc6639d84e575a49c32b00f953d67096261f8
dynamic-3p-138,Dynamic,3,138,25,25,1,2,perfect,0,0,59,22,26,11,1,3,0,64597c12ba0709258b7751081e9609d09498e60ca58ca7c52a1ce12a534b71f1
dynamic-3p-139,Dynamic,3,139,25,25,1,3,perfect,0,0,53,18,25,10,0,3,0,1edddd49d0d3b1ac29d3c6786d3df96aa79567d6008b1de6f214ef5bb59e8aaa
dynamic-3p-140,Dynamic,3,140,25,25,1,3,perfect,0,0,56,20,25,11,0,2,0,0f0d5090477513daa7dc5090f2b8b4d8c837584f31b3161f8b57bcc97b7d159d
dynamic-3p-141,Dynamic,3,141,25,25,1,1,perfect,0,0,56,20,27,9,2,12,0,8235c42eb00a4b06e5c42fccd732463c43cc82bb5a016c4c8da73de726ba0651
dynamic-3p-142,Dynamic,3,142,23,23,0,1,tempo,0,2,58,22,25,11,2,7,0,decd14c38bfbcc6d0985fc7309c5d362c5523951b40e34b274515f573a06d3bc
dynamic-3p-143,Dynamic,3,143,25,25,1,2,perfect,0,0,53,19,26,8,1,8,0,052feceed29b4026c2aece1f0b95e03da27c0f4520a4b7dfae7294b6d33316d8
dynamic-3p-144,Dynamic,3,144,25,25,1,2,perfect,0,0,58,22,26,10,1,6,0,f4072b3dcb4512a16493ebbc30e0ff92f35f7de00cd163e732096a6cdd261c5d
dynamic-3p-145,Dynamic,3,145,22,22,0,1,tempo,0,2,60,23,24,13,2,3,0,2445c51914f3bd29461c67a6d96855b83e159f0e3f8f942d6343fad7c21c4ba4
dynamic-3p-146,Dynamic,3,146,25,25,1,3,perfect,0,0,57,22,25,10,0,15,0,d0774eb8aa2eaed5354f2335aaf52bc441821387b26bd999bb055cbb53369dcd
dynamic-3p-147,Dynamic,3,147,25,25,1,3,perfect,0,0,54,19,25,10,0,7,0,dc8e2b33e0656eba2d5562c1493d566597481299681fc218c3defb8f89836f18
dynamic-3p-148,Dynamic,3,148,24,24,0,1,tempo,0,1,59,22,26,11,2,3,0,92339c72fcb07164bf17b864e7d8c7fb14e60110c3ea8e1b80fb21ce7963c5aa
dynamic-3p-149,Dynamic,3,149,25,25,1,2,perfect,0,0,56,21,26,9,1,1,0,dfd375763fd68c564f03be4e4a89e3904de1b3ee26f3586846d5e56a7b563051
dynamic-3p-150,Dynamic,3,150,25,25,1,3,perfect,0,0,56,21,25,10,0,2,0,8621ab8c45ab79ddef1b298b923a3e8c12ac10386ffb70e40559a894acc61e80
dynamic-3p-151,Dynamic,3,151,25,25,1,2,perfect,0,0,53,18,26,9,1,15,0,e0d4dfd34b225ebeffab1fee6b5f3fc69a535222ca4764108e5db7901c0fe1ce
dynamic-3p-152,Dynamic,3,152,25,25,1,3,perfect,0,0,51,18,25,8,0,5,0,19576642d42bcca396014474b03414e11637187c92142a73eb0e4293f593e8df
dynamic-3p-153,Dynamic,3,153,25,25,1,3,perfect,0,0,50,18,25,7,0,1,0,800a0ff337d622a7d787b5a4c4d43823f1dd9af9b8b6346c1f05fb5795b28786
dynamic-3p-154,Dynamic,3,154,25,25,1,2,perfect,0,0,53,19,26,8,1,19,0,26963fb23e8610cce0b95b7998c17450be5e161a9335d3ffd26fcf8761594e38
dynamic-3p-155,Dynamic,3,155,25,25,1,2,perfect,0,0,56,21,26,9,1,6,0,5b8b7397b0788c87a6e988d12048a77c1c65b1c468c956e700bdcda1cb99b169
dynamic-3p-156,Dynamic,3,156,25,25,1,3,perfect,0,0,49,17,25,7,0,13,0,78c30090aeae45074ca81ebc38744ca251fa14d2a2141df8cc2bf7a09cc18041
dynamic-3p-157,Dynamic,3,157,25,25,1,2,perfect,0,0,59,22,26,11,1,2,0,384ba1129d7c8a9cb127f413996f3d97a7f7f63192b0877d51b297f2dc9f07d8
dynamic-3p-158,Dynamic,3,158,25,25,1,3,perfect,0,0,59,23,25,11,0,1,0,265d455fcde84295525aa956dca1940f2f03aa409fe78b5a424593ea6b8beb09
dynamic-3p-159,Dynamic,3,159,24,24,0,3,needed_last_copy_lost,1,0,59,23,24,12,0,8,0,4e011ead4cccdc9a5f00d4fc7428579c29ac739e79decb2117e51b2cb2905a38
dynamic-3p-160,Dynamic,3,160,25,25,1,2,perfect,0,0,51,18,26,7,1,6,0,b68767bfee00f4498531c3328b88b67331f2eb5bea0eebd2a2a640c8e75936d1
dynamic-3p-161,Dynamic,3,161,20,20,0,3,needed_last_copy_lost,1,1,59,23,20,16,0,0,0,3f790a95907a9a828192d8ddd0e8a2f6415517a009a9dfa73cb014cb049a0c32
dynamic-3p-162,Dynamic,3,162,25,25,1,1,perfect,0,0,56,20,27,9,2,2,0,0b631784ebd9d2cefa5ca2e92b7b0b41606f2f14c3fe9ba51903063c8893a280
dynamic-3p-163,Dynamic,3,163,25,25,1,3,perfect,0,0,58,22,25,11,0,13,0,0e7f5fdf3dcdd5e074fcb6f205a18c8bafe57055b8ca20b127309d66d49cfb73
dynamic-3p-164,Dynamic,3,164,25,25,1,1,perfect,0,0,54,19,27,8,2,5,0,a509611c7cecf606f7782671561b8f96bb62d5f10656d1c7bf186f3ab2216ef2
dynamic-3p-165,Dynamic,3,165,24,24,0,3,tempo,0,1,61,24,24,13,0,4,0,140d45ffc4b4bbca12607fc21c4c0721829e1bbbab55a1009d749f38d74e8909
dynamic-3p-166,Dynamic,3,166,25,25,1,3,perfect,0,0,52,19,25,8,0,1,0,98514edc6cd00303bf8442c5c66b9b57265fbd9213b21d5a3de23bb8de93dc57
dynamic-3p-167,Dynamic,3,167,25,25,1,3,perfect,0,0,49,18,25,6,0,10,0,24ec1a0a1ea3962576c5eb68b9e5bc919b49bc7bc44be0a968f6a849a3c45077
dynamic-3p-168,Dynamic,3,168,22,22,0,2,tempo,0,1,62,25,23,14,1,9,0,2712aa69440d21e741fa504b17923db82b3a7caf0b04007b76e47772d61a251f
dynamic-3p-169,Dynamic,3,169,25,25,1,3,perfect,0,0,54,19,25,10,0,2,0,46ec781e3d967599eabe30edbd15f12f8569e2fe0817c02373cd32c11ecde79d
dynamic-3p-170,Dynamic,3,170,25,25,1,1,perfect,0,0,55,20,27,8,2,7,0,6d0c2e40f055dab507d018695fc157aff58b167afc7b2a23fff6fa40e802ba6a
dynamic-3p-171,Dynamic,3,171,25,25,1,3,perfect,0,0,53,20,25,8,0,12,0,f01c0832061ca9748fb0865157f1cbce791cafdc875bbe02ebe7e081ce789ff8
dynamic-3p-172,Dynamic,3,172,25,25,1,2,perfect,0,0,52,18,26,8,1,0,0,f06c6068ba31dd6b0eda70da27c7413aa1ab3eddb61a9c7d79f75395f033097b
dynamic-3p-173,Dynamic,3,173,25,25,1,3,perfect,0,0,51,18,25,8,0,4,0,a5ad819d82837a0721568f03d560737ca1af4263406330861b6774e8f2554c04
dynamic-3p-174,Dynamic,3,174,25,25,1,3,perfect,0,0,49,18,25,6,0,11,0,bd4157ef631efd36e3f6a4790593e4620bfb65ac2539ba29e0351cf5a71dacba
dynamic-3p-175,Dynamic,3,175,25,25,1,3,perfect,0,0,56,21,25,10,0,3,0,f0c9a73a45c3a44a54c31db647ca08c1757446518644dd85507c0aaf1616c0af
dynamic-3p-176,Dynamic,3,176,25,25,1,2,perfect,0,0,51,17,26,8,1,4,0,c5cebf30baf6bd47e437dd5d80461ae620cdb6683387f7ab703fe65736890f03
dynamic-3p-177,Dynamic,3,177,25,25,1,3,perfect,0,0,56,20,25,11,0,0,0,d33c10cc9bd349c63fc7efd2cbf367acc342553a21f992af716ad5d353678fd0
dynamic-3p-178,Dynamic,3,178,24,24,0,3,needed_last_copy_lost,1,0,53,18,24,11,0,9,0,bb25b09926861c6105dca574356634db21f5cc56ed7891494c7f233d89f8406e
dynamic-3p-179,Dynamic,3,179,24,24,0,1,tempo,0,1,60,23,26,11,2,3,0,3326c265b5cf46b01a20b96a5ff46cc62173a28cf000995a6b04e813592c80b2
dynamic-3p-180,Dynamic,3,180,25,25,1,3,perfect,0,0,57,21,25,11,0,0,0,c68cfd4cb260701f9d963f5db5df918bbfc2ea817d61a69673d7824fb2adaeaa
dynamic-3p-181,Dynamic,3,181,25,25,1,3,perfect,0,0,53,19,25,9,0,7,0,8e57c8a2fa4a4d626c23c39f20abd691014fb730cf5d232e50cc3b7ec679fc5c
dynamic-3p-182,Dynamic,3,182,25,25,1,3,perfect,0,0,58,22,25,11,0,4,0,0bf98bf85a38300f52e8ae299ac17c732bab683f901c3d323e2b395c98dd7609
dynamic-3p-183,Dynamic,3,183,23,23,0,1,tempo,0,1,60,23,25,12,2,6,0,e7f3e2a76498b2a6d8684707489ca4e77e852ab5397501296f0f4593fd323180
dynamic-3p-184,Dynamic,3,184,25,25,1,3,perfect,0,0,56,20,25,11,0,11,0,6295d44e22f02578c04fb1a179b10cd11d46252a3cd102a011538515857b7997
dynamic-3p-185,Dynamic,3,185,25,25,1,1,perfect,0,0,54,19,27,8,2,9,0,71d86af2f73faa99644571d06d8bf39715ce81aa4d412170a6dc290be167e1a3
dynamic-3p-186,Dynamic,3,186,25,25,1,1,perfect,0,0,49,16,27,6,2,13,0,06c9dc4836d55fac193c843e117e4fcdade50b1ac06fe068e1fce7ebbb1180c7
dynamic-3p-187,Dynamic,3,187,25,25,1,3,perfect,0,0,53,18,25,10,0,7,0,a7f6260826050620db71016e50a9d43c6f1370663c06e915fdad25ddf0928258
dynamic-3p-188,Dynamic,3,188,24,24,0,2,tempo,0,1,60,23,25,12,1,5,0,39155ecb33d5dc113b453cfe146a502cfb7a3dd30c04cab053b4179d45a65653
dynamic-3p-189,Dynamic,3,189,24,24,0,1,tempo,0,1,58,22,26,10,2,3,0,8834b7290f2366191a21c0fa9c713af8a3d08b28328ffeb32a0d112b79c4a4db
dynamic-3p-190,Dynamic,3,190,24,24,0,3,needed_last_copy_lost,1,0,56,20,24,12,0,0,0,94292ce46ac4b10ec4181756d9361dae652d043a21ac1c329a15c569d3e04c29
dynamic-3p-191,Dynamic,3,191,25,25,1,2,perfect,0,0,57,21,26,10,1,11,0,2495e93e4b29f2ee02d749b4b33a45c83dc3a7c9a869e8da2751bc83124a81a2
dynamic-3p-192,Dynamic,3,192,25,25,1,3,perfect,0,0,60,23,25,12,0,13,0,74728e1d244d2be8ed277790f9f2b7a80d4607f5c84dbc7feeac7c72acfea6fb
dynamic-3p-193,Dynamic,3,193,25,25,1,2,perfect,0,0,56,20,26,10,1,1,0,25d0987682286bd101bf795932d1725ac116c5c835c44c57da7f8fc8e6fa7506
dynamic-3p-194,Dynamic,3,194,25,25,1,3,perfect,0,0,59,23,25,11,0,4,0,2265a5e5d3076bbb7f1f8e6c44c200eec014a50f924c730d9f29212acc376f85
dynamic-3p-195,Dynamic,3,195,25,25,1,2,perfect,0,0,48,16,26,6,1,6,0,5f39670c1acb42c2688f682751a1bc2928dd68a79387fd3f16227570aef13da0
dynamic-3p-196,Dynamic,3,196,25,25,1,1,perfect,0,0,52,18,27,7,2,6,0,b5cd9025d5d9e28c1ef6e06fb5e1efb1cefd41b7158d3eb34bd672da9450b518
dynamic-3p-197,Dynamic,3,197,24,24,0,2,tempo,0,1,60,23,25,12,1,18,0,eadbde85938c7e266caf75db8da346fc9682e249222520931f6fdf12907f2c1f
dynamic-3p-198,Dynamic,3,198,25,25,1,2,perfect,0,0,54,19,26,9,1,2,0,459221c88f6c14963a6874bd02bbf11c5de17a950c60c947a5d6be177e5e9ff4
dynamic-3p-199,Dynamic,3,199,25,25,1,3,perfect,0,0,55,20,25,10,0,1,0,55cbe9aa431e32f875f144a5d2c698e81dc061f064af4667157204f01ba8f470
dynamic-3p-200,Dynamic,3,200,23,23,0,2,tempo,0,2,58,21,24,13,1,0,0,567c675328c78cb38d906b650952f5f404a99ec71c33e59c59f57f75905efc3a
dynamic-3p-201,Dynamic,3,201,24,24,0,3,tempo,0,1,59,23,24,12,0,0,0,63e1e313478991f5be0e3ac433e275ca062c62fb9d5dbe975fbf519ef051d948
dynamic-3p-202,Dynamic,3,202,25,25,1,2,perfect,0,0,55,20,26,9,1,4,0,47677e9157f70c6be822a92f1b67f3cd0e9b15ee4426a5c0d60632eb0241e36d
dynamic-3p-203,Dynamic,3,203,25,25,1,2,perfect,0,0,50,18,26,6,1,11,0,02ca4fc649b63dc16538ad2585cd2f65a75d68129015c8b4181079ef4e200fa1
dynamic-3p-204,Dynamic,3,204,23,23,0,1,tempo,0,2,60,23,25,12,2,8,0,46f547e3f97b25e33ef47d8be3f9ab1d5f39f1f5d6d16a8a53f7d9ed184edfb0
dynamic-3p-205,Dynamic,3,205,25,25,1,2,perfect,0,0,56,20,26,10,1,0,0,252685d29f72fa6d9abdfafc782d9c27ddeb79a2b58e7f98426b9cf8f2d17fcc
dynamic-3p-206,Dynamic,3,206,25,25,1,3,perfect,0,0,54,20,25,9,0,2,0,1ef1f280eeb3d460ab15bf73cdd080a0f9e4368027617591b3bcba58b61ef513
dynamic-3p-207,Dynamic,3,207,25,25,1,2,perfect,0,0,51,18,26,7,1,13,0,90ad671c89be3ac6bb0cbd6f3b837f432c62d0658e080dffab0c6165818b75c4
dynamic-3p-208,Dynamic,3,208,25,25,1,3,perfect,0,0,54,20,25,9,0,9,0,bd24f3314f8e943c5b0edac1f5f7aa4a084b569b224bb9a26ba4fe2aa1750ffa
dynamic-3p-209,Dynamic,3,209,23,23,0,3,tempo,0,1,60,24,23,13,0,6,0,3f5db94188475386a9b630d7d85743d113420aadde008b9df5a80c3729f377f9
dynamic-3p-210,Dynamic,3,210,25,25,1,3,perfect,0,0,59,23,25,11,0,7,0,b7d268addb91f16da8412f915c79f341aa3b5c88301b2164aa00f458eac3cbb3
dynamic-3p-211,Dynamic,3,211,24,24,0,1,needed_last_copy_lost,1,0,55,20,26,9,2,1,0,be28f1596a885de911d6b0faed75094675781ad187db3702cb89f080c61fc3b8
dynamic-3p-212,Dynamic,3,212,25,25,1,1,perfect,0,0,53,19,27,7,2,10,0,edef5559487f7cd0bce48e67263310d91cebcab023a243c98cf9cbf6bad8a743
dynamic-3p-213,Dynamic,3,213,25,25,1,3,perfect,0,0,57,21,25,11,0,1,0,6bbf033d191adb5e573834d4e07e398defb488947edf1e5321c822d033af6a43
dynamic-3p-214,Dynamic,3,214,25,25,1,3,perfect,0,0,55,20,25,10,0,0,0,5102338da62b8bafbf1bbf5680f0dcd684a86219298325f8ecf118e34868a2cc
dynamic-3p-215,Dynamic,3,215,25,25,1,3,perfect,0,0,53,19,25,9,0,2,0,b92b06e462d270a3687db26a7df7271cf1e76f5f84b70e31c9e8dce9834075ef
dynamic-3p-216,Dynamic,3,216,25,25,1,1,perfect,0,0,58,21,27,10,2,7,0,45285f4542567af9879c8899a79e32fc6f3f66a0a7b1dc1d654ca37b5158a152
dynamic-3p-217,Dynamic,3,217,25,25,1,3,perfect,0,0,55,20,25,10,0,0,0,981e81decd5ad13e4d266e3085542e31e2d0e8660bd3c1bdf61e50c494191249
dynamic-3p-218,Dynamic,3,218,24,24,0,2,needed_last_copy_lost,1,0,57,21,25,11,1,9,0,b312c114c413c874ed395b065bc781cf902b5ae84f3d4615d1e5c01fb141e517
dynamic-3p-219,Dynamic,3,219,25,25,1,3,perfect,0,0,46,16,25,5,0,4,0,3199c1b8b4a7fd9e559a7fb6338211d1b11c2878b70874d889af4bace4fa382d
dynamic-3p-220,Dynamic,3,220,25,25,1,1,perfect,0,0,58,21,27,10,2,5,0,3dca95904b30c0814b9924c9052f26007575a18e10f86e66c7ab9ed922b4db77
dynamic-3p-221,Dynamic,3,221,24,24,0,3,needed_last_copy_lost,1,0,48,17,24,7,0,10,0,d744c0b5b0493e7bcc5ea4d85271224eea1b80a6c447881b3a8458e8ac6a6118
dynamic-3p-222,Dynamic,3,222,25,25,1,3,perfect,0,0,59,23,25,11,0,10,0,20c6221b473925053cbc1e3d7bfc11f7ed283de376d8f5740fb38c24b10ddd96
dynamic-3p-223,Dynamic,3,223,25,25,1,3,perfect,0,0,58,22,25,11,0,1,0,2a1be5ea38e30b005707d45d181c2410180c2302de1ba5fe055f87321ca877ba
dynamic-3p-224,Dynamic,3,224,24,24,0,1,tempo,0,1,58,22,26,10,2,11,0,2cc5cebe24eede8fefb1cd9d385768c1953dfe26f566df5198a040f505c56d87
dynamic-3p-225,Dynamic,3,225,25,25,1,3,perfect,0,0,50,17,25,8,0,6,0,f5b0b2cb048957e07c204e18d5aac3e020eea0430617a4fca5150fbe194df1c9
dynamic-3p-226,Dynamic,3,226,25,25,1,3,perfect,0,0,55,20,25,10,0,10,0,021b655e3803ce9af711fee8c8af041637a5e99594b4dcc084fe2cfbef16ad4d
dynamic-3p-227,Dynamic,3,227,24,24,0,1,tempo,0,1,56,20,26,10,2,3,0,5aa8ef57999c850804db5c95d2a7e06a4a4f068fe6f6ce3a9288157234565ab6
dynamic-3p-228,Dynamic,3,228,25,25,1,2,perfect,0,0,54,19,26,9,1,10,0,d58b5155906514f54da727925eb5a5c6b7ef78784354dabea4281aae6ff4fb61
dynamic-3p-229,Dynamic,3,229,23,23,0,1,tempo,0,2,62,24,25,13,2,5,0,8883c923b5c56d4a27e5e4a0d3cbb2b3172e9b976191b4e469ebaaa5ac690ba1
dynamic-3p-230,Dynamic,3,230,24,24,0,1,tempo,0,1,60,22,26,12,2,6,0,0de87e1ad6f945758584d78bdc0a623bcc067444c9eeca1225ba75c3baa7882e
dynamic-3p-231,Dynamic,3,231,23,23,0,2,tempo,0,2,61,24,24,13,1,7,0,8298a17100ed7c836f427a4ae4c10bf35a392fb4dd8a2db1d5669604970dd230
dynamic-3p-232,Dynamic,3,232,24,24,0,3,tempo,0,1,57,21,24,12,0,3,0,bf04bd92dd73f9fd4003b39c823301d0e92d34cd227f524c7024a288c50394fb
dynamic-3p-233,Dynamic,3,233,25,25,1,2,perfect,0,0,56,20,26,10,1,0,0,eebab909a0d8c6bbc184082a304d82a7d315ad9be7296b2ba099f49120bc28d5
dynamic-3p-234,Dynamic,3,234,25,25,1,3,perfect,0,0,57,21,25,11,0,0,0,63ab35f875c3039f595088a9cbdbedcd8887684eefa057a1392ceae50f229116
dynamic-3p-235,Dynamic,3,235,25,25,1,3,perfect,0,0,56,21,25,10,0,2,0,939ffadf9d01c0ff45d9dbde6229c24c1f8e22e50970ffee447677df4b1a662b
dynamic-3p-236,Dynamic,3,236,25,25,1,2,perfect,0,0,55,20,26,9,1,9,0,aa35963210720462d918ed44dfdb5a665f099a41f04c0cf5bebbafa532141dec
dynamic-3p-237,Dynamic,3,237,25,25,1,3,perfect,0,0,57,21,25,11,0,4,0,e470bd9c12ce5b092cb653dec1aa1096f6f117b17b1a33e078e547833ca66c29
dynamic-3p-238,Dynamic,3,238,25,25,1,3,perfect,0,0,51,19,25,7,0,7,0,f6be29176e1fc5ba557e5ab9ec3f0c7063a6c1718b22b7457ade99aeda9b76a6
dynamic-3p-239,Dynamic,3,239,25,25,1,3,perfect,0,0,58,22,25,11,0,4,0,3b50d5a65cd7bb2b713006071fa09d779533b7f01d1a6d3e616f7a3dd14d82fe
dynamic-3p-240,Dynamic,3,240,23,23,0,2,tempo,0,2,58,21,24,13,1,7,0,f713fc3336638b6418350fba8527caabd0939ff16bf42a74f3a0c361d07b4936
dynamic-3p-241,Dynamic,3,241,25,25,1,3,perfect,0,0,56,21,25,10,0,0,0,6c393b1f3f7b375c07b82b8dc5d44bd2650d8ac0a7bafcfcb7512de51d8d07f9
dynamic-3p-242,Dynamic,3,242,25,25,1,3,perfect,0,0,55,20,25,10,0,0,0,15b4cb7215c908ff015a9fd416ccd727d5cf5c67dd3fc500ab8b6403f907af91
dynamic-3p-243,Dynamic,3,243,25,25,1,3,perfect,0,0,54,19,25,10,0,4,0,88a9a8b8e92978f040773b920872ee789f04684c0e6c51ac65f4ea4aaeaef08c
dynamic-3p-244,Dynamic,3,244,24,24,0,3,tempo,0,1,56,20,24,12,0,4,0,d4f1972d223c0930223aca8bcec3e2b0c9f6ff12e1fe0cb9308fdd3f7453a1b5
dynamic-3p-245,Dynamic,3,245,25,25,1,2,perfect,0,0,49,17,26,6,1,11,0,cf9499bac809e79d87c022c928325ce316d9e4affcb9b3bcebd04ea1f53e0940
dynamic-3p-246,Dynamic,3,246,24,24,0,2,tempo,0,1,59,23,25,11,1,0,0,08bb56f42fb768e939475f63526fd72c54b6a9c3434d28ab1184c6fb73d3b2da
dynamic-3p-247,Dynamic,3,247,25,25,1,3,perfect,0,0,58,22,25,11,0,11,0,68f985fae4f7110046a18b172c25312445180f2492ee416e26102d25e4d4e7f8
dynamic-3p-248,Dynamic,3,248,25,25,1,3,perfect,0,0,56,21,25,10,0,4,0,06af237a7363bc6028455d039da809db630495542532227ac97fd17990b80174
dynamic-3p-249,Dynamic,3,249,24,24,0,1,tempo,0,1,57,21,26,10,2,15,0,6b4537f1cb1b13756b50a0a32ef2303e857c85b0c1b05533a8bbfaf7f03e9106
dynamic-3p-250,Dynamic,3,250,25,25,1,3,perfect,0,0,54,20,25,9,0,1,0,328b0a38411708e40ed689f938f4659b0a2b161c8f6cfa50a9d2be2548238662
dynamic-3p-251,Dynamic,3,251,25,25,1,2,perfect,0,0,51,18,26,7,1,2,0,20362daf0663b389091f97cfd1075553a3982ae1dc76ad827b13873f0bb9eac5
dynamic-3p-252,Dynamic,3,252,25,25,1,1,perfect,0,0,57,21,27,9,2,17,0,e5efa59b6a46d4ff5ad6185a987829e643b9d2add646160c776fb5890b63edd0
dynamic-3p-253,Dynamic,3,253,25,25,1,2,perfect,0,0,55,20,26,9,1,9,0,bb8e77d27863f5ab7b765a8579c0eb1f179ed4481db7d4a9d30f9efa904925d2
dynamic-3p-254,Dynamic,3,254,25,25,1,3,perfect,0,0,57,22,25,10,0,3,0,b49f657b726303ead4b7edd5f0de50502439620e5dbbcb2c3494273e86e16f23
dynamic-3p-255,Dynamic,3,255,24,24,0,3,tempo,0,1,60,23,24,13,0,0,0,5267a58ec704f71011e1d9d35ed020ca4e627d2db16f875c37dccdad9ec59159
dynamic-3p-256,Dynamic,3,256,24,24,0,3,tempo,0,1,61,24,24,13,0,7,0,813d6984cb93908656333e896fd79d4a6b3c336bab8b1e4204416a84c651289e
dynamic-3p-257,Dynamic,3,257,25,25,1,3,perfect,0,0,56,21,25,10,0,9,0,afb88d4c39a7f92801b93a2ddf38eedfe5bae4c25c0c6c8d3259956df57cc6f2
dynamic-3p-258,Dynamic,3,258,24,24,0,2,tempo,0,1,59,23,25,11,1,1,0,7388c9aeaffd99412946e760927a178343577052b4bbc829545ffb9306a5b2d2
dynamic-3p-259,Dynamic,3,259,25,25,1,3,perfect,0,0,50,17,25,8,0,12,0,ee3791de6dee166ce48ff8d098d3c996988fd977a90cd73b4c717bb74e2d4d54
dynamic-3p-260,Dynamic,3,260,25,25,1,3,perfect,0,0,58,22,25,11,0,0,0,60b02034febe3edb03c9feb702d7f508c7466aebc339f5d01acf102d0baa93eb
dynamic-3p-261,Dynamic,3,261,25,25,1,3,perfect,0,0,48,17,25,6,0,5,0,ee01a19fe673fbc4a4d7f08950977934d183704cb4275ec462c7c029716a5a59
dynamic-3p-262,Dynamic,3,262,24,24,0,3,needed_last_copy_lost,1,0,51,18,24,9,0,10,0,3b73d71c4e155de16e2665ac28b0cd906697bdcf78b1788db20f9bbf36ded5bb
dynamic-3p-263,Dynamic,3,263,25,25,1,3,perfect,0,0,57,21,25,11,0,1,0,cb946d507f5e32f5d32c922fc39f84763e937e8328ec10df329f7af60a202375
dynamic-3p-264,Dynamic,3,264,23,23,0,1,tempo,0,2,61,23,25,13,2,6,0,a5e21e154309b1ac9beacf026a84f751df7041453bf3a240eccf954f88a6ca8a
dynamic-3p-265,Dynamic,3,265,25,25,1,2,perfect,0,0,59,22,26,11,1,4,0,9c0f7e3cad28fcb9aa727f57439b7d5231fbf6346fb72862017f96ff0cd7224d
dynamic-3p-266,Dynamic,3,266,25,25,1,3,perfect,0,0,50,18,25,7,0,3,0,ac2d4aadc635a362a2c64de40ab5eab0cff4e3fa69eb45944ad052191a9cca38
dynamic-3p-267,Dynamic,3,267,25,25,1,3,perfect,0,0,55,20,25,10,0,2,0,e20dbefa6e20015e738ecc4f70a27190029329100a0ee2df3410b996212a2a20
dynamic-3p-268,Dynamic,3,268,25,25,1,3,perfect,0,0,55,20,25,10,0,6,0,4821239ff4d616704b557f189344b198da31232f9f8d241074a0823903a90750
dynamic-3p-269,Dynamic,3,269,25,25,1,3,perfect,0,0,55,20,25,10,0,4,0,6823241c4d8d9eafb834dbeb04bc2fd436538f2935d63d5d57c8f7fb284d6fb3
dynamic-3p-270,Dynamic,3,270,25,25,1,3,perfect,0,0,49,17,25,7,0,3,0,b89b2a18344ebb56e9aa81d8e8f79541906eee78fe698b77db3f382ac7b1eae2
dynamic-3p-271,Dynamic,3,271,25,25,1,3,perfect,0,0,52,18,25,9,0,13,0,4f9e62c97f7aad3ca055efff7525aa290878a9e3f4be893a8eadbb21efc839f4
dynamic-3p-272,Dynamic,3,272,25,25,1,3,perfect,0,0,58,22,25,11,0,0,0,261da201b171d34181438cdf0d2eebdb434798ad3d25c2339485fbc2ace1bef7
dynamic-3p-273,Dynamic,3,273,25,25,1,3,perfect,0,0,52,18,25,9,0,3,0,db184b7e2154ff46210bda918fc93a020fb57eb1924fd81bbec7c8870c708231
dynamic-3p-274,Dynamic,3,274,25,25,1,3,perfect,0,0,57,20,25,12,0,0,0,3015fcd8710c1bff8593e695ae302e515357078ecefa8c846e3e96318000d8af
dynamic-3p-275,Dynamic,3,275,25,25,1,3,perfect,0,0,57,20,25,12,0,0,0,1488c551b0523d0c7363493d80a4a751619085b086da36118a847a4301d719b5
dynamic-3p-276,Dynamic,3,276,25,25,1,3,perfect,0,0,56,21,25,10,0,6,0,a7e173c0aec1830d06c82d178aec0bdef61200d1b21d51b3d6f96c617ce2b043
dynamic-3p-277,Dynamic,3,277,25,25,1,3,perfect,0,0,47,16,25,6,0,13,0,0415843e972a5e8cdbe85bd1c38aa208a2b8f885b97641c3732a449b7d8d936d
dynamic-3p-278,Dynamic,3,278,25,25,1,3,perfect,0,0,56,21,25,10,0,2,0,bbe45e86140dc98253ad4126b1585355e22d251b8bc3f1baeb5ca590137ce2e4
dynamic-3p-279,Dynamic,3,279,25,25,1,1,perfect,0,0,56,20,27,9,2,7,0,30e961668405166a80228b89b16557c58cd2a30791224c8b99373597d1a7b49a
dynamic-3p-280,Dynamic,3,280,25,25,1,3,perfect,0,0,59,23,25,11,0,1,0,180d200f75455c1940ade9ad8efa472e84b4c79ed986ac7489f5000a04e33a82
dynamic-3p-281,Dynamic,3,281,25,25,1,2,perfect,0,0,55,20,26,9,1,10,0,c6d5a07179c9403a653f9ac4a9a477a616f4f1067dbd17be988b213f23318493
dynamic-3p-282,Dynamic,3,282,25,25,1,3,perfect,0,0,54,19,25,10,0,5,0,2a492debd21928f812a7675a3b07816c51da929dd17f5a545b016b743f7dc2fd
dynamic-3p-283,Dynamic,3,283,25,25,1,2,perfect,0,0,49,17,26,6,1,11,0,cb3e076a702b6456a4a52d3a6515a1f91a12fc467b48d71ca65d15ad5a906fc0
dynamic-3p-284,Dynamic,3,284,25,25,1,3,perfect,0,0,52,18,25,9,0,0,0,18310aecd435c80a3f0f836559c039157d30558be680fbfa7d878faa405c77da
dynamic-3p-285,Dynamic,3,285,25,25,1,2,perfect,0,0,54,19,26,9,1,13,0,708b881a4e08adeba425de51703dd85636c45322de1636fdefbf32f7e24a6326
dynamic-3p-286,Dynamic,3,286,25,25,1,2,perfect,0,0,58,22,26,10,1,8,0,00654649038d3556eef432535ae115294eb0c8ce70005fef69f782ba5532df19
dynamic-3p-287,Dynamic,3,287,24,24,0,2,needed_last_copy_lost,1,0,49,17,25,7,1,13,0,e3daf244be1a20c841208ae4a3316eb14ae5cd01a35bb83df2d6a4ba255c88bf
dynamic-3p-288,Dynamic,3,288,23,23,0,2,tempo,0,1,61,24,24,13,1,8,0,a558c4eef6568d63d4d5dc5008251b0de6c5a42c9976dec598c4d4829c123ef1
dynamic-3p-289,Dynamic,3,289,25,25,1,3,perfect,0,0,45,16,25,4,0,10,0,7a215d4726cc8954954998ece82a82505783a22f1099d55aea31ff263b475913
dynamic-3p-290,Dynamic,3,290,25,25,1,3,perfect,0,0,51,19,25,7,0,12,0,5bd9a45a950c0825a44a1f4c156f0a3fef82ddd6c827c7cb7d4b8ded88919465
dynamic-3p-291,Dynamic,3,291,25,25,1,3,perfect,0,0,48,17,25,6,0,4,0,62e2fa891e5afec8d048c9998164ce77c2da1671aac853d638bb716d30ebbb5f
dynamic-3p-292,Dynamic,3,292,25,25,1,2,perfect,0,0,59,22,26,11,1,13,0,eebf52906f9c265f3737453bd7595fdd2a39f3b4133b45a49b7332771cccd92e
dynamic-3p-293,Dynamic,3,293,25,25,1,3,perfect,0,0,57,22,25,10,0,3,0,d87e414b2586f0a6d720ec93efeaa0b6a46e4d6146e17e2238d8587c02847b0c
dynamic-3p-294,Dynamic,3,294,25,25,1,3,perfect,0,0,50,17,25,8,0,3,0,686e7244c07df7754b4fda4a613a22e712fb2f436643e4cc04f2d38e54e80fc4
dynamic-3p-295,Dynamic,3,295,24,24,0,1,needed_last_copy_lost,1,0,54,19,26,9,2,1,0,7619118782082a50d51e157357a86caa76f30b7a6f42b151962158bc2da46d41
dynamic-3p-296,Dynamic,3,296,25,25,1,3,perfect,0,0,51,18,25,8,0,5,0,cc8724ec128f295d49ec7e4c40472c6a95c2f5c790f9cdd5025640ae2983f526
dynamic-3p-297,Dynamic,3,297,25,25,1,3,perfect,0,0,57,21,25,11,0,1,0,b48a9a215fb2686a2b6e31236aa30b698980840e7ca27fd1e513537a9ff68493
dynamic-3p-298,Dynamic,3,298,25,25,1,3,perfect,0,0,50,18,25,7,0,10,0,dffcdfb1bf435db8a42d69f1ca2a8a99aebe0f13b337c628d70b10e6ec7ca508
dynamic-3p-299,Dynamic,3,299,25,25,1,3,perfect,0,0,51,18,25,8,0,3,0,beb48d406a0dfcce9fc700f43b6f998b4944f6386961d871a987cac646b45bfb
dynamic-3p-300,Dynamic,3,300,25,25,1,3,perfect,0,0,52,18,25,9,0,4,0,3b570a809445369b9d9310d09b48b1ff1f650927d2a84ce478f57fbc4bd4c3b8
dynamic-3p-301,Dynamic,3,301,24,24,0,2,tempo,0,1,61,24,25,12,1,5,0,679b4b4c602ff027ba93a45f7f5fedf1e660deb489a7e0fd8770fc2facf43537
dynamic-3p-302,Dynamic,3,302,25,25,1,3,perfect,0,0,54,19,25,10,0,6,0,d6c5f2f62f79668531e9177beddad267f85657bb55e2538cbe268518c2519576
dynamic-3p-303,Dynamic,3,303,25,25,1,3,perfect,0,0,52,19,25,8,0,6,0,97c87cdaf01947677207119e82fce6e034363a7fc380d4e133c14f46d8157e98
dynamic-3p-304,Dynamic,3,304,22,22,0,3,tempo,0,3,62,25,22,15,0,8,0,4a4ea86b67bb22902971be5ed42f45652f433e3068fbb54d3f7924f8b528691d
dynamic-3p-305,Dynamic,3,305,25,25,1,3,perfect,0,0,59,23,25,11,0,1,0,c4598bef1bc5f060157af038eb0bd1f534470728ccdd61ac8c63af0970e24fa1
dynamic-3p-306,Dynamic,3,306,25,25,1,2,perfect,0,0,50,17,26,7,1,7,0,e7ff006adaa28b1dab1df21b536023536926b187e9fc8090256c22e150c123da
dynamic-3p-307,Dynamic,3,307,25,25,1,3,perfect,0,0,54,19,25,10,0,13,0,409badc4f900827e485ac471061ad3233808c385b8b54c43c9c9621096f4ed04
dynamic-3p-308,Dynamic,3,308,25,25,1,3,perfect,0,0,55,20,25,10,0,15,0,444c6e50c6cdee4351bb1584ff226ba81831497dcf60c72597fa483e9b30669d
dynamic-3p-309,Dynamic,3,309,25,25,1,3,perfect,0,0,56,21,25,10,0,3,0,87c207f9f3b01690823e314708cd5a6f4e8808932442ba3f16ca9f6b25ccd4f9
dynamic-3p-310,Dynamic,3,310,25,25,1,3,perfect,0,0,49,17,25,7,0,0,0,485c01ce8113761652407903855f308ab024a89d0c7e8d4cb9aeb6612c839b9b
dynamic-3p-311,Dynamic,3,311,25,25,1,3,perfect,0,0,55,20,25,10,0,3,0,def85d74db5092b0f8a7cf59abdca587765a69e55bc5ee98dce0fdab448fec12
dynamic-3p-312,Dynamic,3,312,25,25,1,3,perfect,0,0,55,20,25,10,0,10,0,97ca6eb1475a42812ff4808010e3dc2b62478fbfb5c0f0477ba3c097c9888a8f
dynamic-3p-313,Dynamic,3,313,25,25,1,3,perfect,0,0,49,17,25,7,0,13,0,1405986489a7c28726f3ae43f220ac40407e10a6940646aab497fe499fa956af
dynamic-3p-314,Dynamic,3,314,25,25,1,2,perfect,0,0,56,21,26,9,1,1,0,41bb858e9b8adf6fb27e378c1236c4913da9cbb9caca3bedfe488ef3cc3c8d2e
dynamic-3p-315,Dynamic,3,315,25,25,1,3,perfect,0,0,57,22,25,10,0,9,0,abfe33856ee2e5c7d39849ca27509ba40f37f62584bc07047232f7d4335a8545
dynamic-3p-316,Dynamic,3,316,24,24,0,3,tempo,0,1,59,23,24,12,0,0,0,1f76241f42597bfa5792f8ac3be8f14ed988641eeb3404e8cc0fe3a19cffccbe
dynamic-3p-317,Dynamic,3,317,25,25,1,3,perfect,0,0,58,22,25,11,0,0,0,2ac395c52146c46917ccb81c9500eb7704616a321a86f6055114252147a7e4c9
dynamic-3p-318,Dynamic,3,318,25,25,1,1,perfect,0,0,56,20,27,9,2,15,0,2ef1762710c262d40adb86df010eb4323fecc57331f1b99e59a872d468c1d9ca
dynamic-3p-319,Dynamic,3,319,22,22,0,1,tempo,0,3,62,24,24,14,2,13,0,de06db24053f30466f9b06a7642e20a049ecd89e4ccba384da9863e7f7289a37
dynamic-3p-320,Dynamic,3,320,25,25,1,3,perfect,0,0,52,19,25,8,0,2,0,988b8b207734e441d4fd04c49c3a188aab4fdea368e13969c66b216ca3808504
dynamic-3p-321,Dynamic,3,321,25,25,1,3,perfect,0,0,47,16,25,6,0,4,0,9d94dda8d38697fc6583e75a7957ad88730cec5c9f34c493fd83877623bc02e9
dynamic-3p-322,Dynamic,3,322,25,25,1,3,perfect,0,0,59,23,25,11,0,2,0,9922dbc928f68d06aa10cd54cc5e5d46cef978d99b6dc71001c3dfaf9f87ba44
dynamic-3p-323,Dynamic,3,323,24,24,0,3,tempo,0,1,60,24,24,12,0,17,0,a00ce05139524693798d5ffb82ecf6277595b2dbb219015db898d8ef40c91da0
dynamic-3p-324,Dynamic,3,324,24,24,0,2,tempo,0,1,56,20,25,11,1,7,0,510f054f412e700a82143c48e915f824eef45576bfa9943504d3acce328e033f
dynamic-3p-325,Dynamic,3,325,22,22,0,1,tempo,0,3,62,24,24,14,2,8,0,64b0c2b8fc56dc397405b603088db16cd731a6e519840ef7fe318872b2ec7084
dynamic-3p-326,Dynamic,3,326,25,25,1,3,perfect,0,0,56,21,25,10,0,6,0,e422155604d93192edecfe0b122c6032b9191a66fb7ca11c1823a47cd83aa2e1
dynamic-3p-327,Dynamic,3,327,25,25,1,2,perfect,0,0,53,19,26,8,1,13,0,ecf428af25ad7024f384c0e8e772c98e4fbd5dbd629d4fc1cc49d6129a59d34f
dynamic-3p-328,Dynamic,3,328,23,23,0,1,tempo,0,2,60,23,25,12,2,12,0,c215c022cc3305a7a95e68a9881df38a1c3bea96b88bba3577abc69856bbda25
dynamic-3p-329,Dynamic,3,329,25,25,1,2,perfect,0,0,57,21,26,10,1,14,0,bac1cae9359f8a1b5522153c769f6f89d47e3bd20e5846793f2fff209e421dcb
dynamic-3p-330,Dynamic,3,330,23,23,0,2,tempo,0,2,60,23,24,13,1,7,0,483374d0a6a543d809b117c98afbfc6c9c7918a317f55476ad909c93c1fb5ff6
dynamic-3p-331,Dynamic,3,331,25,25,1,3,perfect,0,0,44,15,25,4,0,12,0,b40be64fea30e1c16ff9d402f528b7ee9a799b1e2394d27778ca581998fa8a50
dynamic-3p-332,Dynamic,3,332,25,25,1,3,perfect,0,0,56,21,25,10,0,0,0,a657822d4c6b1ad0c7aea2d169c8c5c60b67461593e7629d7f3c28d7a86c8cdd
dynamic-3p-333,Dynamic,3,333,25,25,1,3,perfect,0,0,50,18,25,7,0,1,0,b765053aabf85611914e3c3852b218ef888308edaa23f3f2dca9ffff947057bb
dynamic-3p-334,Dynamic,3,334,21,21,0,2,tempo,0,4,62,25,22,15,1,3,0,87b1de18f086b9f8a2f5745ed87f4c008788806b73cd71305056b3820eb5d774
dynamic-3p-335,Dynamic,3,335,25,25,1,3,perfect,0,0,58,22,25,11,0,3,0,50545448a7908cebe0f8c4e99db9ef1b6ceaa9e0627e7ca4a96ca4f415449e5b
dynamic-3p-336,Dynamic,3,336,25,25,1,3,perfect,0,0,53,18,25,10,0,1,0,9debf34fe27e2f4d76fc001b0e52b397f9556a8ac876b13b69bc22ef7a2c5c85
dynamic-3p-337,Dynamic,3,337,25,25,1,3,perfect,0,0,47,17,25,5,0,10,0,dad36dc22df867651799380dc53145d912fa52a171e5cc4abd691d936c60dc56
dynamic-3p-338,Dynamic,3,338,25,25,1,1,perfect,0,0,59,21,27,11,2,3,0,d0fc0f60bcc4b3fe9e646b0b551843b377e43d33c2e8c2ff77e94d5c515d1dc6
dynamic-3p-339,Dynamic,3,339,24,24,0,1,tempo,0,1,56,20,26,10,2,0,0,4348c4b5257e45149af4496edc37934a9e91641dbed8c7e75708bfc638a205eb
dynamic-3p-340,Dynamic,3,340,22,22,0,3,tempo,0,3,60,24,22,14,0,0,0,5039d2d76ed68cfec6da3b479cdd32eb7ce8f540dfe0edf550bb9e9c229ebef4
dynamic-3p-341,Dynamic,3,341,25,25,1,3,perfect,0,0,60,23,25,12,0,8,0,54264c11a6da766c619a07cdc5b2a1cbac5e0a4803b2810ccbdba3150a7581ed
dynamic-3p-342,Dynamic,3,342,25,25,1,3,perfect,0,0,58,22,25,11,0,1,0,a20c6d7e34b98b6f925d0cd0c6c13f669e706d8023b00ec2f672315de6790411
dynamic-3p-343,Dynamic,3,343,25,25,1,2,perfect,0,0,56,21,26,9,1,10,0,d62d21e768ede709cab873e21e0cac83460a03bf35993b4f5a67dbe1b0f008a1
dynamic-3p-344,Dynamic,3,344,25,25,1,3,perfect,0,0,55,20,25,10,0,9,0,e077ce20f2a1899532477301e8d1cfd6f96e82f81c9a5820d54443b15d7b0911
dynamic-3p-345,Dynamic,3,345,25,25,1,1,perfect,0,0,56,20,27,9,2,11,0,b10231be610603e1d57cf153ac97387f387ce82a019d2f57adec6e5fdbdb5900
dynamic-3p-346,Dynamic,3,346,25,25,1,3,perfect,0,0,59,23,25,11,0,2,0,58e78c027ecf7fb1a08ca6c1e12c8bc1af11b4512e85ba19bef8f4a00a6995d6
dynamic-3p-347,Dynamic,3,347,25,25,1,3,perfect,0,0,57,22,25,10,0,1,0,51b6fd0511a0848c7a2b778496c4a099c082096192b21e4effb4dcb3f9426e0f
dynamic-3p-348,Dynamic,3,348,25,25,1,1,perfect,0,0,60,22,27,11,2,7,0,330e8f0214dd04cfbf8caa0f6756c5de195dd71e8b618d70b32cff03ed186c7f
dynamic-3p-349,Dynamic,3,349,25,25,1,2,perfect,0,0,59,22,26,11,1,9,0,f86e57dabff44c2d8da951209ecfc4b4d5c2c3b9a478baeadb4473b7a0290af8
dynamic-3p-350,Dynamic,3,350,25,25,1,3,perfect,0,0,49,17,25,7,0,4,0,156d7c6d6d531fd78727c607f0e7dd3246c909d8a71caff4f878e6e6597a9cbb
dynamic-3p-351,Dynamic,3,351,25,25,1,3,perfect,0,0,58,22,25,11,0,14,0,3ff1adf0d726e4791676c10ab9fc3ef5035355e99bd5c63acf0429d14c80371a
dynamic-3p-352,Dynamic,3,352,25,25,1,3,perfect,0,0,54,19,25,10,0,9,0,a9bcc75a202b59763dd1022d63f693f166ddb7d96e8684afb27108832255089c
dynamic-3p-353,Dynamic,3,353,24,24,0,2,tempo,0,1,58,22,25,11,1,1,0,d07e643d567fd6b37d66675305303300b37d2a5c294c1aa1ff3738f0a00875b4
dynamic-3p-354,Dynamic,3,354,23,23,0,3,tempo,0,2,60,24,23,13,0,4,0,e53d2d50a7a5ec863b2c3d63622a3c988eeaa9dde2b78078af854014e91a4992
dynamic-3p-355,Dynamic,3,355,25,25,1,2,perfect,0,0,53,18,26,9,1,7,0,e4c4048682b34efc8fca2e6274f2ebc4c558d922ab18912529849d5870fbf9e8
dynamic-3p-356,Dynamic,3,356,25,25,1,3,perfect,0,0,50,18,25,7,0,1,0,a26685819d5b201071d415bb7488094eb4da12d9bef1ad54dd153e103aa855c2
dynamic-3p-357,Dynamic,3,357,25,25,1,3,perfect,0,0,50,18,25,7,0,5,0,78d7582a2aab62811479bf07b7795453c49fe90d7bd6dfc169bc5b16e88e6b68
dynamic-3p-358,Dynamic,3,358,25,25,1,3,perfect,0,0,55,20,25,10,0,1,0,1414115d1299845b6594c37ee2739a3568691910d44ab6d17027a50e83753ec5
dynamic-3p-359,Dynamic,3,359,25,25,1,3,perfect,0,0,51,18,25,8,0,1,0,52e97931d3d21e81aa8314298ac307ded953134fdc1d3e245ba141e01d4f9446
dynamic-3p-360,Dynamic,3,360,24,24,0,3,tempo,0,1,58,22,24,12,0,12,0,bab6614c5e6472a43119eac7c425be6e54c41bc07488434d6c858939aa55424c
dynamic-3p-361,Dynamic,3,361,25,25,1,2,perfect,0,0,56,20,26,10,1,9,0,78447ccf870f22d7732495fd72f02aae99b3b57d02144d3b9b483ee86ba57ddf
dynamic-3p-362,Dynamic,3,362,25,25,1,3,perfect,0,0,56,20,25,11,0,7,0,038a1425badfbbde13c22c402bbea7a1795a769052321a63d8423d685e65251d
dynamic-3p-363,Dynamic,3,363,24,24,0,3,tempo,0,1,60,24,24,12,0,5,0,32535a9c0846873ed919e7968d77b8411fe21e1fab56dc5c9ad406ed47f6efdb
dynamic-3p-364,Dynamic,3,364,25,25,1,3,perfect,0,0,54,20,25,9,0,2,0,eb640dd973320aae26fc789d6432fc34604d70f10683c8d88817f0006cd3ee04
dynamic-3p-365,Dynamic,3,365,25,25,1,3,perfect,0,0,54,19,25,10,0,4,0,748aac55bdc56a8109073fe0c534b224eb8610d0dbea182eeb7f1e82f3f59ba7
dynamic-3p-366,Dynamic,3,366,25,25,1,3,perfect,0,0,54,19,25,10,0,0,0,661a3ba83e0e16f37ef0fdfcdf2edfb1135afcd3d6fc3137466e8d631a34822d
dynamic-3p-367,Dynamic,3,367,25,25,1,3,perfect,0,0,57,21,25,11,0,0,0,851adaab0a31caed40d8dec5240a72a3794f5113a59e907d0a161ea9e5f06382
dynamic-3p-368,Dynamic,3,368,25,25,1,3,perfect,0,0,48,17,25,6,0,13,0,ad8932d16de34a66f2eaaae9b079a9b3a10749de5c4490fa9b60375bd45140e7
dynamic-3p-369,Dynamic,3,369,24,24,0,2,tempo,0,1,59,23,25,11,1,8,0,600009b8139800c84173fa769c33fd9b6bbf974e60b29235aac37e02ecb88247
dynamic-3p-370,Dynamic,3,370,25,25,1,3,perfect,0,0,53,19,25,9,0,11,0,52d60dcc35ba7044408866dc7d0a55b12a95e16ec6b685e6eb3b1e2faed184f4
dynamic-3p-371,Dynamic,3,371,24,24,0,1,tempo,0,1,61,23,26,12,2,4,0,7c1eb9c42382f0c4d139c91f8b97e3119ba63f1848ddf81ce4d9976d658d8274
dynamic-3p-372,Dynamic,3,372,25,25,1,2,perfect,0,0,49,17,26,6,1,2,0,16fc962839b4d14e85a30fc3d1d8d4e10bca4a980ff6d1a45c656fdb11b5449b
dynamic-3p-373,Dynamic,3,373,25,25,1,3,perfect,0,0,56,20,25,11,0,1,0,47474412e7b8db8cfa4d6dbc6c9944837982a57257b780055a9722704d4a5f7a
dynamic-3p-374,Dynamic,3,374,25,25,1,3,perfect,0,0,56,21,25,10,0,0,0,f53bd6dbf85b761f77ebb9cab3750e56084733e6b5e10227fff6920ff2c10151
dynamic-3p-375,Dynamic,3,375,25,25,1,3,perfect,0,0,56,21,25,10,0,0,0,c7f80c16436b49a9fc05ae7ea846b4cc6100f08f370eaaba26ae24ef4b344c57
dynamic-3p-376,Dynamic,3,376,25,25,1,3,perfect,0,0,46,16,25,5,0,10,0,25f6a8fbc4e1a94fee71f2a0593223689cbbbde9000ce63d28849992eb86828c
dynamic-3p-377,Dynamic,3,377,25,25,1,3,perfect,0,0,59,22,25,12,0,3,0,6305a9e3053a2e90814e988f30ce4219e68e924a505185704b513da4b5cd8114
dynamic-3p-378,Dynamic,3,378,25,25,1,2,perfect,0,0,55,20,26,9,1,9,0,6e2ff5a06315dc309d3955e4fa66b33317f8a3cc9cffaca7b07513341182de19
dynamic-3p-379,Dynamic,3,379,25,25,1,3,perfect,0,0,44,15,25,4,0,9,0,e27083bcde59d55c9074d68b26bd2afd828368e302280dde0a0fdbd6ea946a52
dynamic-3p-380,Dynamic,3,380,25,25,1,3,perfect,0,0,55,20,25,10,0,6,0,8216472df23d98c00b9f2e445b4021200496ed72a252343267e45870c140a794
dynamic-3p-381,Dynamic,3,381,25,25,1,3,perfect,0,0,56,21,25,10,0,3,0,41ae195cc1ffd021a7e3d07deac2e0585a95add91d219159051ca8237593675f
dynamic-3p-382,Dynamic,3,382,25,25,1,3,perfect,0,0,53,19,25,9,0,4,0,03f8f3a92d9a9a5d96ca281f7ba9cd90254b474eac5bc19ec94bdb232a972cfc
dynamic-3p-383,Dynamic,3,383,25,25,1,3,perfect,0,0,54,19,25,10,0,0,0,0ac7abfc3763d19fc01c8ae6776604f00d6a06e03f3eda2e301b64526fcf9586
dynamic-3p-384,Dynamic,3,384,24,24,0,3,tempo,0,1,59,23,24,12,0,4,0,9bccc57753951c6a5ab7b26bd4cf03045c3afbbe661c767a6553b78cdd6de42d
dynamic-3p-385,Dynamic,3,385,24,24,0,3,needed_last_copy_lost,1,0,58,22,24,12,0,3,0,b041ec7011a37b045e18d2765d10cc72e50679af32e6310e375e824207384815
dynamic-3p-386,Dynamic,3,386,25,25,1,2,perfect,0,0,58,22,26,10,1,1,0,6afffc77085dafc3975105555556aee34beb8cb824ef00d8473db156fa72e273
dynamic-3p-387,Dynamic,3,387,25,25,1,3,perfect,0,0,51,18,25,8,0,8,0,c5b43f7e003c6b8db19fd8ccf1fcf6415951485853e12879317097243602c649
dynamic-3p-388,Dynamic,3,388,25,25,1,3,perfect,0,0,53,18,25,10,0,13,0,a32f81c1eedf398b761286f580c90dd33ea3e8c3aadf30692f975be9e812b016
dynamic-3p-389,Dynamic,3,389,25,25,1,3,perfect,0,0,55,20,25,10,0,0,0,113d8a17a5201721560b10bd44e5aaf0e3c958ded368f8ebe452c7c1250838a4
dynamic-3p-390,Dynamic,3,390,25,25,1,3,perfect,0,0,54,20,25,9,0,16,0,3d2537136300c53d65d420e91909bf8af566bd544278a0fc2237cbf81af2ddac
dynamic-3p-391,Dynamic,3,391,25,25,1,3,perfect,0,0,53,18,25,10,0,6,0,fdf9eaddbc6a4868f599f0c5c016632fc1f7916186eb4c15bdd1e49034c21d23
dynamic-3p-392,Dynamic,3,392,25,25,1,3,perfect,0,0,60,23,25,12,0,2,0,cf39847304859f4638cc07285d302daf90b9987f98472b2a76ad42fee6994c00
dynamic-3p-393,Dynamic,3,393,25,25,1,3,perfect,0,0,53,19,25,9,0,1,0,c63cdd607eff1f70738ffef56ca66729d666b626a3dd64306e2d3edfe24bdd01
dynamic-3p-394,Dynamic,3,394,25,25,1,2,perfect,0,0,54,19,26,9,1,8,0,f43ccb70490f124868e2cf7eadd01c69abf84ea4dc808448a7585b0d2379a8fc
dynamic-3p-395,Dynamic,3,395,25,25,1,3,perfect,0,0,52,19,25,8,0,13,0,14d6450ac9d167e789ad30389fc71cff986a1a4a8b9f4c701be2a8dddc79aa34
dynamic-3p-396,Dynamic,3,396,23,23,0,1,tempo,0,2,58,21,25,12,2,0,0,3862fa5c58f2ddb5ddbb4079c0e08f4b977d899707f174ff4b2c96d02cdc9f52
dynamic-3p-397,Dynamic,3,397,25,25,1,2,perfect,0,0,55,19,26,10,1,0,0,2761144bae4425cfb5ce83ef403577c775b07f97132eca8ed255a814d7a83d82
dynamic-3p-398,Dynamic,3,398,25,25,1,3,perfect,0,0,54,19,25,10,0,16,0,b0562d285533fbf5bf6c7b7539a59a98f8a979251e43072f0c3a5e56f62c9c66
dynamic-3p-399,Dynamic,3,399,24,24,0,3,tempo,0,1,60,24,24,12,0,6,0,80dd9c8bfb8592c406de846f74275d8b0673b3f91f605050d8f6bed464278e45
dynamic-3p-400,Dynamic,3,400,25,25,1,3,perfect,0,0,60,23,25,12,0,6,0,e080374fedb15d43cadecaf72e384b237c4f6d4788b81620af65115933702e2f
dynamic-3p-401,Dynamic,3,401,25,25,1,3,perfect,0,0,56,21,25,10,0,14,0,62acd9eda5b7f525dce6542bbc8ad442a92a2a909c49d5a65da5ca24b97e64f4
dynamic-3p-402,Dynamic,3,402,25,25,1,2,perfect,0,0,57,21,26,10,1,0,0,3cb8ec518e571b05838025668ca0fc3363949a71c0e316ca49ce98e3e0e1fd5e
dynamic-3p-403,Dynamic,3,403,25,25,1,3,perfect,0,0,57,22,25,10,0,4,0,8e81ec886ef8b740e413d649c66da98e03f5bae14f943f2be05585c3833f7faf
dynamic-3p-404,Dynamic,3,404,25,25,1,3,perfect,0,0,52,19,25,8,0,0,0,d061674ba8c9996999d176d33573cd3378389dfc2e5b8bdde2fb79b02cb95e7a
dynamic-3p-405,Dynamic,3,405,24,24,0,2,tempo,0,1,59,22,25,12,1,12,0,aab8b7bcdcc429e42048289e1351071be71934112ed664ac530b99e3ecad3471
dynamic-3p-406,Dynamic,3,406,23,23,0,1,tempo,0,1,59,23,25,11,2,11,0,67cf280c1820a42c5e24c99ce8eb9d8dd4e6c7911f19f917ede280a26ae761a0
dynamic-3p-407,Dynamic,3,407,25,25,1,3,perfect,0,0,54,19,25,10,0,0,0,9c8dea94ef0683fc22e6a54f103ecc29307b02469bb1cf4fa4c3f3ca11f2514f
dynamic-3p-408,Dynamic,3,408,23,23,0,2,tempo,0,2,60,23,24,13,1,16,0,5c09da9a5793baeab9b167659e8be9fdd93801d11b5b425c37e11dfb30cc4b45
dynamic-3p-409,Dynamic,3,409,22,22,0,3,tempo,0,2,56,20,22,14,0,0,0,213212cbb45861d60fc4e5e7fb845b86db983f7103d58a73ffb3aae7ca7e3265
dynamic-3p-410,Dynamic,3,410,25,25,1,3,perfect,0,0,58,22,25,11,0,2,0,20b3390d3aebb148e6ffc1aaa09cd095fa46a08ad3cd6c9827b9a060931e1f6f
dynamic-3p-411,Dynamic,3,411,24,24,0,1,tempo,0,1,60,23,26,11,2,19,0,6c1208f676d95eeefec38de4b9e34e858e52959d8ac9fd16d71ba629222a56cb
dynamic-3p-412,Dynamic,3,412,23,23,0,1,tempo,0,2,59,22,25,12,2,15,0,f7ac10ff26d11f6a7b3c3edf739bb0fbd7032771dd3eccfd01b416a9c6ebbe9f
dynamic-3p-413,Dynamic,3,413,25,25,1,3,perfect,0,0,53,18,25,10,0,7,0,c0cda80cf8a7420175b1b99eedd7ded1953d6b3bf55bb91707d6373ab1e65e06
dynamic-3p-414,Dynamic,3,414,25,25,1,2,perfect,0,0,57,21,26,10,1,5,0,6a681fe20955c763458e5248c9d065826b3cdb5bd8c4e888221bb31df51dc3b2
dynamic-3p-415,Dynamic,3,415,25,25,1,3,perfect,0,0,56,20,25,11,0,0,0,93803f27818c79381be384769edbd899305e5453f1662b6b989d8cae36aa1faf
dynamic-3p-416,Dynamic,3,416,25,25,1,3,perfect,0,0,54,19,25,10,0,8,0,f5d97065749b015f49eaa56225c27c24cf3a8c0df23935fd554c0bfaa655e5df
dynamic-3p-417,Dynamic,3,417,24,24,0,3,tempo,0,1,60,24,24,12,0,11,0,ce2bcb3bc46703556bf80ac55cbc13344206fefe24e2093ee3b22c91369bba6c
dynamic-3p-418,Dynamic,3,418,25,25,1,3,perfect,0,0,56,21,25,10,0,1,0,49b1b98d81c7ff74ff4b00e398d56f16bfe916e869f1de60eda1fb841fbe0da2
dynamic-3p-419,Dynamic,3,419,25,25,1,3,perfect,0,0,57,21,25,11,0,12,0,964f375615875dcc86e8f9413b20c2a4ebc30874ce52d6428f987d25d77bdf72
dynamic-3p-420,Dynamic,3,420,25,25,1,2,perfect,0,0,52,18,26,8,1,14,0,097d6448f2edeb5d5cc8165f37fe5092d9222dac3ea80c9cf5e71890503b1507
dynamic-3p-421,Dynamic,3,421,25,25,1,3,perfect,0,0,55,20,25,10,0,3,0,b98db27f491b09122f0ecb6cacdd35a3c846a9449c4e0d852abd9dccea0abbe9
dynamic-3p-422,Dynamic,3,422,25,25,1,3,perfect,0,0,46,16,25,5,0,2,0,299a61b6a876ddd69f3365f9b10856cd0145fa68b0dcbad0167b4ed62a0b1546
dynamic-3p-423,Dynamic,3,423,25,25,1,3,perfect,0,0,56,21,25,10,0,0,0,afd092edfadf3622cd5d8c0ec7dd511fbca9807c3ef7efc4262c2747fe7d7f1b
dynamic-3p-424,Dynamic,3,424,24,24,0,2,tempo,0,1,60,23,25,12,1,10,0,cc9422104f3c6ccef10d31012a0abcd5fd535e7dd46a29d38ca4f19e5147f157
dynamic-3p-425,Dynamic,3,425,25,25,1,3,perfect,0,0,52,18,25,9,0,7,0,06f5317e0c5cb39c925d7412cc0f8c8ae99cab3e986bef19087d5e73c33889bb
dynamic-3p-426,Dynamic,3,426,25,25,1,1,perfect,0,0,53,19,27,7,2,4,0,e4bcba052b8acabb34662e17f54c33f063e68f8a055cff51168db189505b2c75
dynamic-3p-427,Dynamic,3,427,25,25,1,3,perfect,0,0,57,22,25,10,0,17,0,28cf864b455f9084d307eacb6532f89a38d695957f8a1604beb137ff383a6c4c
dynamic-3p-428,Dynamic,3,428,25,25,1,3,perfect,0,0,56,21,25,10,0,1,0,9ae501d6a34d95fe15fd0a9b9321097ea29f87937516e8498e678db20871ce1a
dynamic-3p-429,Dynamic,3,429,25,25,1,2,perfect,0,0,51,18,26,7,1,11,0,02f489fb1615dca2adf5e1985524aa10546765e93d7a5614599f8f5d5cae503f
dynamic-3p-430,Dynamic,3,430,25,25,1,1,perfect,0,0,53,18,27,8,2,17,0,3f7888c5e07eb3e4bffdd3138437b69b4c45f2346c923d2e322b5edc97136283
dynamic-3p-431,Dynamic,3,431,23,23,0,3,tempo,0,1,62,25,23,14,0,6,0,751b6c6f2b7070d7a8421fb1f7f274deabafb42f8da14cc689ecc9f0f5c7e321
dynamic-3p-432,Dynamic,3,432,25,25,1,3,perfect,0,0,54,20,25,9,0,4,0,9306b596dd05653b9892ec1cded65a19bcffdfb10a7a8223245882bde1b60ce0
dynamic-3p-433,Dynamic,3,433,25,25,1,3,perfect,0,0,48,17,25,6,0,6,0,9f8ed56b9ca0c4e90cfb0368c98efed08e09db6e536556dc57a2b18fe6613230
dynamic-3p-434,Dynamic,3,434,24,24,0,2,tempo,0,1,59,23,25,11,1,0,0,177bebb7d68274a75bd2ff874a08f0ddacfc5d91caa9ada18013a40a7c2e1e03
dynamic-3p-435,Dynamic,3,435,25,25,1,2,perfect,0,0,57,21,26,10,1,2,0,765892c9725e18c3d5e2736579051ba57eaec4efda75106b5466f792db04b013
dynamic-3p-436,Dynamic,3,436,25,25,1,2,perfect,0,0,59,22,26,11,1,1,0,9c1f1e7438e93b7daa95e7e87699feebbdcf675c8382c6dfc4319fddfd63bc59
dynamic-3p-437,Dynamic,3,437,25,25,1,3,perfect,0,0,53,19,25,9,0,2,0,1c7733630a94d5eb3923c1ece91df15fb2866a3d4e69c1fac401752bb7983647
dynamic-3p-438,Dynamic,3,438,25,25,1,2,perfect,0,0,58,22,26,10,1,17,0,c0487822782a30a4c95b690dfacc102eb65bfc87c46429a1ad6fb5438a554159
dynamic-3p-439,Dynamic,3,439,24,24,0,3,tempo,0,1,61,24,24,13,0,5,0,2d2201480497b05cd1d5770a2219f54e22536188c01591ff52ed4927addd65a2
dynamic-3p-440,Dynamic,3,440,25,25,1,3,perfect,0,0,56,20,25,11,0,0,0,c2eea01b337aa56264c78d347e3dab3fbe368dbc6528bfac5ff766ad137b3822
dynamic-3p-441,Dynamic,3,441,25,25,1,3,perfect,0,0,52,18,25,9,0,8,0,159902b883cca968c02960b81cf529914ec7786d91eac504cec6f2e7dfe97a80
dynamic-3p-442,Dynamic,3,442,25,25,1,3,perfect,0,0,55,20,25,10,0,6,0,f92f1503de3f02667659d4339d43ba38362e9360e718417650157ccec17fc0b1
dynamic-3p-443,Dynamic,3,443,24,24,0,3,tempo,0,1,61,24,24,13,0,3,0,63e981c8f44d0f35618f53601f77fdbd33575bd32b886b5a2bbd1d33fcf0ef77
dynamic-3p-444,Dynamic,3,444,25,25,1,3,perfect,0,0,57,21,25,11,0,0,0,c08c4a4b78697e8a2dc40a53925ded55e9e96e65a30f3a4d82d2b7a8ad4db84a
dynamic-3p-445,Dynamic,3,445,25,25,1,3,perfect,0,0,55,20,25,10,0,0,0,f4e6b090c5c5f9e104787eb13c64cbf4aa28aab4aa651ff5745d61c06c38e8dd
dynamic-3p-446,Dynamic,3,446,25,25,1,3,perfect,0,0,50,18,25,7,0,10,0,db45a7e59f865fe20938b1d4d3125e064779af1fb8858c2e0bcc3030cb41355c
dynamic-3p-447,Dynamic,3,447,22,22,0,1,tempo,0,1,60,24,24,12,2,7,0,ffbfec2c6f351515500d9aa5f85f45fba7cdb6fa49b501560d37e14cdb5b71d7
dynamic-3p-448,Dynamic,3,448,23,23,0,3,tempo,0,2,61,25,23,13,0,1,0,409143dd97b778197cd7f4556ffb917bcf557041911d3699eb0492946da0b405
dynamic-3p-449,Dynamic,3,449,25,25,1,3,perfect,0,0,57,21,25,11,0,0,0,963c0b5ebc7e5c8c3e296539f7eb52c5b7a5160b170b26ff086cc077b9421ceb
dynamic-3p-450,Dynamic,3,450,25,25,1,3,perfect,0,0,52,18,25,9,0,0,0,b76eb4f8a09ef13d271ac218a2488089b80c0f55d1a1a16e9f75acb90020a92e
dynamic-3p-451,Dynamic,3,451,25,25,1,2,perfect,0,0,48,16,26,6,1,6,0,433bc623c2ad96a72403e1f6c2edb2984ef8349df49002a6837ff968b7559375
dynamic-3p-452,Dynamic,3,452,25,25,1,3,perfect,0,0,50,17,25,8,0,4,0,48dbe769db36eee6308429cce69b670990f52d3311b9f7abac7e846f9c3ba4f0
dynamic-3p-453,Dynamic,3,453,24,24,0,3,needed_last_copy_lost,1,0,56,21,24,11,0,0,0,794afb2ee3490dc27c1ad51e48bfcc3b32c18508eab37da15ff752fc092e34da
dynamic-3p-454,Dynamic,3,454,25,25,1,2,perfect,0,0,56,20,26,10,1,14,0,fbe757968e40f97afaca1fd2e5c86d9106957afdb35dcb0a52b773a331449d7d
dynamic-3p-455,Dynamic,3,455,25,25,1,3,perfect,0,0,50,18,25,7,0,1,0,355953a86c146a65b73729fb65cfaad25f1e242bda938010741ea30e163ff8f7
dynamic-3p-456,Dynamic,3,456,24,24,0,3,tempo,0,1,58,22,24,12,0,0,0,f44902f07b74aa97fe994930ce99a94365661d8f96fed1532dd17613bd0968b1
dynamic-3p-457,Dynamic,3,457,24,24,0,1,needed_last_copy_lost,1,0,51,17,26,8,2,13,0,07fcd0419164219bc6956757e9839d593190b324c33d5336db726ab0fca30b22
dynamic-3p-458,Dynamic,3,458,25,25,1,2,perfect,0,0,50,17,26,7,1,10,0,8fa55173fb7feaae652e659d022c57086a4058013ccc79e0f0f64d84ec84a7b5
dynamic-3p-459,Dynamic,3,459,25,25,1,2,perfect,0,0,53,19,26,8,1,9,0,6f2e1a49b8bcfbba7309c8d82a86c200584a81416c40ba5318fddfd6c7068fd5
dynamic-3p-460,Dynamic,3,460,25,25,1,2,perfect,0,0,56,20,26,10,1,1,0,b9673275b924aa0359857cd26971683a675e1db783c97a4dbfa1558f78f9b303
dynamic-3p-461,Dynamic,3,461,25,25,1,3,perfect,0,0,53,19,25,9,0,6,0,86fb7a62c764162ec3aa463759cf5ae2341ee86428bffb15087ad246f27b5cfa
dynamic-3p-462,Dynamic,3,462,25,25,1,1,perfect,0,0,58,21,27,10,2,2,0,0e8e67e7b16c95be42615c10163661e5b2823ce1b288028647db6d2acee768e3
dynamic-3p-463,Dynamic,3,463,25,25,1,2,perfect,0,0,49,16,26,7,1,9,0,0f4de7796b9da0aec96e65a589913ce635ed60088c3fadaef854c73d171aef1b
dynamic-3p-464,Dynamic,3,464,25,25,1,2,perfect,0,0,52,18,26,8,1,4,0,d9cbf3d61786b1885ce2503d9d43f6ac256ae7c499886137e6b40ebec1662ed2
dynamic-3p-465,Dynamic,3,465,25,25,1,3,perfect,0,0,50,18,25,7,0,12,0,83e89975f073cbd671d332a6a11456d4efdd394ad6aaa43b46baf84d8b15c554
dynamic-3p-466,Dynamic,3,466,24,24,0,3,needed_last_copy_lost,1,0,54,19,24,11,0,0,0,2aff1c684505a47acd1897dacd2eb46067f6959177360ee6117624371f467c4b
dynamic-3p-467,Dynamic,3,467,25,25,1,3,perfect,0,0,50,18,25,7,0,7,0,e78d327424dbec6667c85a8315211ed6c9dac16538fe3f44ea85bc3cc776ff17
dynamic-3p-468,Dynamic,3,468,25,25,1,1,perfect,0,0,53,18,27,8,2,12,0,bea82fc5fe87f3014ebd50a99c4e072b49fb3a1f406d7360c431e01b8bf2748e
dynamic-3p-469,Dynamic,3,469,25,25,1,3,perfect,0,0,55,20,25,10,0,0,0,bb8595602a711fdc5d573d8c1fc07cd124d0d5d78f223910dcc9ad1f62daa380
dynamic-3p-470,Dynamic,3,470,24,24,0,2,tempo,0,1,60,23,25,12,1,5,0,bc632bf42824dbba2f59e31c7bb582d44df8ec43fea261aba2774cf1a1a80f1f
dynamic-3p-471,Dynamic,3,471,23,23,0,3,needed_last_copy_lost,1,0,59,23,23,13,0,2,0,97b5d44114f4040f88f1307fa69078743266b33061f984dc0a3f9d534e6944b7
dynamic-3p-472,Dynamic,3,472,25,25,1,3,perfect,0,0,56,20,25,11,0,8,0,953b0b57316119440bb36aab6b3dee46d680a0210327cc4c39e66e03b33d7cd6
dynamic-3p-473,Dynamic,3,473,25,25,1,3,perfect,0,0,55,20,25,10,0,11,0,34570cb1afc5e50b5fb7c88e6e795bc3a52704dcb8c437014b019cbeb180fb51
dynamic-3p-474,Dynamic,3,474,19,19,0,1,tempo,0,3,65,27,21,17,2,14,0,c7016715752749317ba8b3e117fd0aac0a718edadb90e32147edd1fba12e2682
dynamic-3p-475,Dynamic,3,475,25,25,1,2,perfect,0,0,52,18,26,8,1,4,0,6dadde1edf19facc9c82307d907aa0d0fbf40dc7805b9ac52c8850bf6d671f03
dynamic-3p-476,Dynamic,3,476,25,25,1,2,perfect,0,0,52,18,26,8,1,4,0,5f99422fb8f429d89f5252a0fcc91fc54790e8b850e3e60401d09356ef0b4773
dynamic-3p-477,Dynamic,3,477,25,25,1,2,perfect,0,0,56,20,26,10,1,8,0,dff7ebea25880bcdb06e12fca7bafb7442ee0540286e4d0ee9f5f7d53eec8774
dynamic-3p-478,Dynamic,3,478,25,25,1,3,perfect,0,0,57,22,25,10,0,1,0,a869ac3e3dbb2ed9184b302904f1360ccbb08bbfc59c57b0b00324a8e82b6898
dynamic-3p-479,Dynamic,3,479,24,24,0,3,tempo,0,1,60,24,24,12,0,1,0,e88919c98e57515d5641fb47475d442e455207f1a7eaf5360621d35920c4210b
dynamic-3p-480,Dynamic,3,480,25,25,1,2,perfect,0,0,55,20,26,9,1,13,0,eb2305200d96188d903b0b0a45970fedc3ec4d26ebf5ad322b3c45099af3af8f
dynamic-3p-481,Dynamic,3,481,0,23,0,0,all_lives_lost,0,2,59,22,26,11,3,5,0,09e2587ea0836c2264be71b29ec5afcd9428271227cf0b9b975dc1268ca77535
dynamic-3p-482,Dynamic,3,482,23,23,0,2,tempo,0,2,60,23,24,13,1,6,0,3fcb7ffc6dcfc31111040bc6e5635c46eaa6df3575fa1b475a6e9a29f027b24a
dynamic-3p-483,Dynamic,3,483,25,25,1,3,perfect,0,0,55,20,25,10,0,0,0,1064eb8e251638128d898300437dc1d61c7796471e29086f4ce65fab38a79f87
dynamic-3p-484,Dynamic,3,484,25,25,1,3,perfect,0,0,53,19,25,9,0,11,0,cbb751898c53af25a9f9bc7563d4e4619d265b4f43437434bdf51ab0b154eba6
dynamic-3p-485,Dynamic,3,485,25,25,1,3,perfect,0,0,55,20,25,10,0,16,0,4ad88a8c5216b548d314d739940d7c26d7d1aae1f5f0e44c0dc6b8f1c9c94f7b
dynamic-3p-486,Dynamic,3,486,25,25,1,3,perfect,0,0,56,21,25,10,0,7,0,fe6ec7b5f5d250f1b8f27d3424f1ad19773b340b98d9e2791c1f6730a5004c4c
dynamic-3p-487,Dynamic,3,487,25,25,1,3,perfect,0,0,49,18,25,6,0,15,0,e514c520861145c13ae827e3c4866849164b54fa63bae77633334c1af844d2b1
dynamic-3p-488,Dynamic,3,488,25,25,1,2,perfect,0,0,59,22,26,11,1,10,0,dc583d83ea188454ac62d2fe65877e21dc910b5538db53557117b901d63e8d20
dynamic-3p-489,Dynamic,3,489,25,25,1,2,perfect,0,0,57,21,26,10,1,12,0,3a090afe7e6c1d55d3c77488e915bf5b83af213c9357e521ed78057169a41e82
dynamic-3p-490,Dynamic,3,490,25,25,1,3,perfect,0,0,56,21,25,10,0,5,0,d9db7f7a2b9f469807f57894e9af5747a7c04fbf6317b6a9eda87daf942d1083
dynamic-3p-491,Dynamic,3,491,25,25,1,3,perfect,0,0,52,18,25,9,0,7,0,f49a20e8bded5c1fd914de03a305f069a0e31ab751c1b735d37dbabad0405ec2
dynamic-3p-492,Dynamic,3,492,25,25,1,2,perfect,0,0,59,22,26,11,1,2,0,65dc41ec2e7e96ddab0947f7746b24c514d383cbb0b8e150a0188885e1653efc
dynamic-3p-493,Dynamic,3,493,25,25,1,1,perfect,0,0,53,18,27,8,2,3,0,0ad5521be8f7dfe555cbda97396dd593f7acc92b72fc96733e7e129fa2cd0d37
dynamic-3p-494,Dynamic,3,494,25,25,1,3,perfect,0,0,53,19,25,9,0,2,0,96a1db9e445d238fd7b703697ee4d6d98fe443db61f98b3dd91d298a809e0447
dynamic-3p-495,Dynamic,3,495,25,25,1,3,perfect,0,0,53,20,25,8,0,3,0,3dc2fa7b9b141781aa5d8d52d9a2105eff1ffd04f25cfe585b5d7b6c676ed19a
dynamic-3p-496,Dynamic,3,496,25,25,1,3,perfect,0,0,51,18,25,8,0,10,0,5117ca6efac2ce9335dc0877ac27bd6223a271999a6b7733715a461bf0b86d06
dynamic-3p-497,Dynamic,3,497,25,25,1,2,perfect,0,0,50,17,26,7,1,4,0,5e811391c196ca3d3ca4203213e8d43fbb297cef82061b9a3dcdf15537dad18e
dynamic-3p-498,Dynamic,3,498,24,24,0,2,tempo,0,1,60,23,25,12,1,0,0,73fa91b2c98c0bd5419e4a2be3f9fb4590eac0338759d960c1f91cf2f3fb7f28
dynamic-3p-499,Dynamic,3,499,24,24,0,1,needed_last_copy_lost,1,0,56,20,26,10,2,3,0,99a136433959bbf221609b4430cb88501a824fed460eb779713b1a4e8214237d
dynamic-3p-500,Dynamic,3,500,24,24,0,3,tempo,0,1,60,23,24,13,0,1,0,c17513ded25c32b0d13134163f62c0fcf38dbad8865363f81c99daf520f0ee95
dynamic-3p-501,Dynamic,3,501,24,24,0,2,tempo,0,1,60,23,25,12,1,11,0,c6ddb182281a8f9d73bd57cdac78f5fba0a301b260e198ae06242baa3cbb25c3
dynamic-3p-502,Dynamic,3,502,25,25,1,2,perfect,0,0,52,18,26,8,1,6,0,731fda9966a45341973031558098695b7b0f12b64ba7f99acb9bf1dbe2c6d094
dynamic-3p-503,Dynamic,3,503,25,25,1,3,perfect,0,0,55,20,25,10,0,10,0,16ff55aa1dc76e284cac0d6b5fa3571722cf9c8d3d879676e780b8cbf867d14c
dynamic-3p-504,Dynamic,3,504,25,25,1,3,perfect,0,0,57,21,25,11,0,3,0,7af96637074455a110a42b7edf35b3f41ec395b6e91afefd807319f5488d79db
dynamic-3p-505,Dynamic,3,505,25,25,1,3,perfect,0,0,57,21,25,11,0,14,0,4584da49300b976def8f1fef743fe6b2f74467bceded78dbe735df1e68d2d2a1
dynamic-3p-506,Dynamic,3,506,25,25,1,2,perfect,0,0,50,17,26,7,1,0,0,90c5056c991d4bd4a76c07eea285c3756277833a31596d8fbec1dda469a34f67
dynamic-3p-507,Dynamic,3,507,25,25,1,3,perfect,0,0,56,21,25,10,0,11,0,b46170410dcd3eeb975d176d37c9592901574bb5b209f95f73b6d26a83af0e6a
dynamic-3p-508,Dynamic,3,508,23,23,0,1,tempo,0,2,59,22,25,12,2,6,0,02b746964bb2aba06bc7c95af5c3e7b1cd8354bf60907c6e91bc3870f51cfe1f
dynamic-3p-509,Dynamic,3,509,25,25,1,2,perfect,0,0,49,17,26,6,1,10,0,5096102efaf55b4e45e14369fb78fdab31e4753b5bc9f48241434d78f675cd4a
dynamic-3p-510,Dynamic,3,510,25,25,1,3,perfect,0,0,50,18,25,7,0,13,0,d8b33df2c9e01540a6a3e744b2660c1c44cfdaf43255069e7783f4a03eb2eb40
dynamic-3p-511,Dynamic,3,511,25,25,1,3,perfect,0,0,55,20,25,10,0,3,0,dba0246e5773f76780a262ab84877025213d00f901d3bf70d7f9ff8d24cc10de
dynamic-3p-512,Dynamic,3,512,25,25,1,3,perfect,0,0,53,18,25,10,0,6,0,b0bd5d90dc6900340efb5939cdb7d71bd7816e094e2a34978cde24d4430777f1
dynamic-3p-513,Dynamic,3,513,25,25,1,3,perfect,0,0,52,18,25,9,0,6,0,82b7247724134ba6a6d4e7c342430b8a6c3117fc1e9540f8b7ed2b11c55b9ca6
dynamic-3p-514,Dynamic,3,514,25,25,1,2,perfect,0,0,56,21,26,9,1,7,0,9350d7e53dbd0e7b259aeff23e164f58f714c154efda021006e27df1aaae721e
dynamic-3p-515,Dynamic,3,515,25,25,1,3,perfect,0,0,60,23,25,12,0,6,0,afa494bb9d0a307f5d5583c3994acd8a9b10bc3231f85f2b5db1420a30b1804b
dynamic-3p-516,Dynamic,3,516,25,25,1,3,perfect,0,0,58,22,25,11,0,0,0,e55878ff66f6ae7ebc1ef4416672c7843fd751ec36d52a29ad24c9ae92c33f6c
dynamic-3p-517,Dynamic,3,517,25,25,1,2,perfect,0,0,49,17,26,6,1,9,0,abd8d2778f90988f1fddc1ccd2598260550432457f0552d02b20d98d57fe4160
dynamic-3p-518,Dynamic,3,518,25,25,1,3,perfect,0,0,51,18,25,8,0,0,0,eace9d9b83742586373cb9822d0e5e80c88f62d3946df80d897739425297e2cb
dynamic-3p-519,Dynamic,3,519,24,24,0,1,tempo,0,1,61,23,26,12,2,4,0,ac9e94e5024b48d8ce7b79c4a17c59af758241154cd2b5b1988b1d459b733ec6
dynamic-3p-520,Dynamic,3,520,25,25,1,3,perfect,0,0,55,20,25,10,0,6,0,9c76f9a6f0f38a2db16c1a45c894b8ca153d8b46fad70a2beeecce986c363d1f
dynamic-3p-521,Dynamic,3,521,25,25,1,3,perfect,0,0,56,21,25,10,0,2,0,0ca780ee7edbf7683d20525af264a83877de1264e65e8037051b8bf6f0c0e411
dynamic-3p-522,Dynamic,3,522,25,25,1,1,perfect,0,0,56,20,27,9,2,14,0,32171f32308ecd8b1930731b6e193accd4e728faf53b8d581543100ae558271f
dynamic-3p-523,Dynamic,3,523,22,22,0,1,tempo,0,3,60,23,24,13,2,7,0,f2aa8310eb01007c149e850953bec34e205a5015499ec21a27a0b4936cef8c6b
dynamic-3p-524,Dynamic,3,524,25,25,1,2,perfect,0,0,56,21,26,9,1,14,0,0bf80c21fd43b5078de34b585b4994722d4efded6e16aee4188e7c17a693cb73
dynamic-3p-525,Dynamic,3,525,25,25,1,2,perfect,0,0,53,18,26,9,1,11,0,839a52c992ddd4d36d239a36be59685c4713c4b15b1c71032881097f36ec3908
dynamic-3p-526,Dynamic,3,526,25,25,1,3,perfect,0,0,55,19,25,11,0,8,0,1d4398ad5a1f3bdcc7bb0cbcb54b9775a45a2beb9dbc887ef4c4fdda91476769
dynamic-3p-527,Dynamic,3,527,25,25,1,3,perfect,0,0,54,20,25,9,0,6,0,1cbb8577de076aa67ef4972d66c73e76ecac11e14bf02f0807bad422b8665abb
dynamic-3p-528,Dynamic,3,528,25,25,1,3,perfect,0,0,57,21,25,11,0,4,0,51383b8912ff4316825f58482d5d6ef0e525f327db415abe0a56108558249a07
dynamic-3p-529,Dynamic,3,529,25,25,1,1,perfect,0,0,58,21,27,10,2,10,0,18a6822a9c591d2ba7a1268c34ad49646b2be663dc5d03c6a52b746a71124ab4
dynamic-3p-530,Dynamic,3,530,25,25,1,3,perfect,0,0,54,20,25,9,0,4,0,3c11b8e365169468689b97541f1d61d6fa6eb597a43dbe99bc293d9e1da0096a
dynamic-3p-531,Dynamic,3,531,25,25,1,3,perfect,0,0,50,17,25,8,0,9,0,e771eb2c6adda8589987b4a579701820dd1ff58643312bdc01d36e40a135b0f2
dynamic-3p-532,Dynamic,3,532,25,25,1,2,perfect,0,0,55,20,26,9,1,8,0,c06d2929ffa5318b8bb6d7c0a381296e50bb199da1f5ead82d6c0edd2a0c9a94
dynamic-3p-533,Dynamic,3,533,24,24,0,3,tempo,0,1,58,22,24,12,0,0,0,95b9e01dac9e2c3dc6c4310caa9a49c789e121316bb2971c3058746427103c7a
dynamic-3p-534,Dynamic,3,534,24,24,0,3,tempo,0,1,56,20,24,12,0,9,0,7845ac8077af1acea2621b4c8c7fcee9952aec70a9725176d9e7dc1ab26cfa69
dynamic-3p-535,Dynamic,3,535,22,22,0,3,tempo,0,3,58,21,22,15,0,0,0,3dc55ecf0d740e24f76a4fb2dcc20fff9037ea59adbff053dfcf4e079ec88d33
dynamic-3p-536,Dynamic,3,536,25,25,1,3,perfect,0,0,58,22,25,11,0,3,0,53d164030a587644370e2d86b17ad7d2a7160be82dbc0793891790bc86a77c17
dynamic-3p-537,Dynamic,3,537,25,25,1,2,perfect,0,0,52,19,26,7,1,3,0,9c484e5ad8f0ab364d6eefbb1c0efd274567f34ae43669f17deb521ea7310a1c
dynamic-3p-538,Dynamic,3,538,25,25,1,3,perfect,0,0,57,21,25,11,0,13,0,b3b62af3154e8a962283e94ed2cb5f7afc3bf03cd7268dcb9e365eddf28a2005
dynamic-3p-539,Dynamic,3,539,25,25,1,2,perfect,0,0,53,19,26,8,1,13,0,ad38f9337f748ac9194f834640ca15db3f755af01acb74a63744bf6270688406
dynamic-3p-540,Dynamic,3,540,25,25,1,3,perfect,0,0,60,23,25,12,0,3,0,a06a219b9b5f87b6936a5187b7f73ae7302e96a114ba8b2b6b3006e24051493b
dynamic-3p-541,Dynamic,3,541,25,25,1,3,perfect,0,0,53,18,25,10,0,10,0,a0c2dd638702dbd788ddc858c2a8b73e2c10fe62b9e1b70dc7aa02709187be65
